rank,link
1,http://www.mozilla.org
2,http://www.xiaobd.net
3,http://www.springer.com
4,http://www.cn163.net
5,http://www.coursera.org
6,http://www.dilidili.name
7,http://www.btbtdy.com
8,http://www.6vhao.tv
9,http://www.biquge.com.tw
10,http://www.paopaoche.net
11,http://www.80s.tw
12,http://www.66ys.tv
13,http://www.hao6v.com
14,http://www.gaoqing.la
15,http://www.juzimi.com
16,http://www.gaoloumi.com
17,http://www.kankanwu.com
18,http://www.qlchat.com
19,http://www.futunn.com
20,http://www.liaoxuefeng.com
21,http://www.genban.org
22,http://www.publiccms.com
23,http://www.iczsq.com
24,http://www.fangxiaoer.com
25,http://www.z01.com
26,http://www.nsw88.com
27,http://www.imeiju.cc
28,http://www.glofang.com
29,http://www.intel.cn
30,http://www.kuaiji.com
31,http://www.uszcn.com
32,http://www.quandashi.com
33,http://www.yidaba.com
34,http://www.51aimei.com
35,http://www.9to.com
36,http://www.kocla.com
37,http://www.tucao.tv
38,http://www.byr.cn
39,http://www.replays.net
40,http://www.tuling123.com
41,http://www.96u.com
42,http://www.winit.com.cn
43,http://www.shunnengnet.com
44,http://www.dqc100.com
45,http://www.kmplayer.cn
46,http://www.growingio.com
47,http://www.buaa.edu.cn
48,http://www.hangzhou.gov.cn
49,http://www.maijia.com
50,http://www.wangpan007.com
51,http://www.playstation.com.cn
52,http://www.silver.org.cn
53,http://www.websbook.com
54,http://www.china-10.com
55,http://www.zc300.cn
56,http://www.goldcarpet.cn
57,http://www.25pp.com
58,http://www.xxbiquge.com
59,http://www.tanx.com
60,http://www.laod.cn
61,http://www.laod.cn
62,http://www.7gz.com
63,http://www.1616.net
64,http://www.paidai.com
65,http://www.ky188.cn
66,http://www.90sheji.com
67,http://www.peixuncn.net
68,http://www.npicp.com
69,http://www.codesec.net
70,http://www.leetcode-cn.com
71,http://www.ibeike.com
72,http://www.cgbchina.com.cn
73,http://www.cn4e.com
74,http://www.dhl.com
75,http://www.yinyuetai.com
76,http://www.ecar168.cn
77,http://www.tourunion.com
78,http://www.subom.net
79,http://www.shui5.cn
80,http://www.eascs.com
81,http://www.zeuux.com
82,http://www.chenguang.com.cn
83,http://www.adyun.com
84,http://www.safety.com.cn
85,http://www.verysource.com
86,http://www.8kana.com
87,http://www.nbs.com.cn
88,http://www.cmseasy.cn
89,http://www.txwy.com
90,http://www.ticwear.com
91,http://www.ht88.com
92,http://www.0575ls.cn
93,http://www.wnflb.com
94,http://www.iask.com
95,http://www.21jingji.com
96,http://www.1010jiajiao.com
97,http://www.jikexueyuan.com
98,http://www.jingyanbus.com
99,http://www.cmpedu.com
100,http://www.jxmall.com
101,http://www.cmpedu.com
102,http://www.jxmall.com
103,http://www.sm160.com
104,http://www.shlac.com
105,http://www.huobi.com
106,http://www.176.com
107,http://www.96weixin.com
108,http://www.sobt5.org
109,http://www.dedecmsmuban.com
110,http://www.cailianpress.com
111,http://www.changlaifan.com
112,http://www.btbtt.co
113,http://www.hanfan.cc
114,http://www.bydauto.com.cn
115,http://www.jc56.com
116,http://www.wmzhe.com
117,http://www.xmnn.cn
118,http://www.moegirl.org
119,http://www.qqtn.com
120,http://www.nei.com.cn
121,http://www.portablesoft.org
122,http://www.7po.com
123,http://www.sufe.edu.cn
124,http://www.chaduo.com
125,http://www.idzoom.com
126,http://www.zhuixinfan.com
127,http://www.xiaodao.la
128,http://www.okaoyan.com
129,http://www.kuaishang.cn
130,http://www.hanhande.com
131,http://www.9512.net
132,http://www.yingyu.com
133,http://www.ihacksoft.com
134,http://www.iwjw.com
135,http://www.chofn.com
136,http://www.netded.com
137,http://www.kingdee.com
138,http://www.yangsheng.com
139,http://www.biodiscover.com
140,http://www.nitago.com
141,http://www.weico.com
142,http://www.xyj321.com
143,http://www.taiwan123.cn
144,http://www.hisu.org
145,http://www.miaogu.com
146,http://www.repaik.com
147,http://www.loongtao.com
148,http://www.nanrenvip.net
149,http://www.jisutiyu.com
150,http://www.gooood.hk
151,http://www.yanshixin.com
152,http://www.izaojiao.com
153,http://www.sinobook.com.cn
154,http://www.mx3g.com
155,http://www.lamabang.com
156,http://www.51ppt.com.cn
157,http://www.hlzx.com
158,http://www.gogoup.com
159,http://www.keruyun.com
160,http://www.iherb.cn
161,http://www.99bill.com
162,http://www.it985.com
163,http://www.dydh.tv
164,http://www.90tiyu.com
165,http://www.gbicom.cn
166,http://www.xd0.com
167,http://www.sopanpan.com
168,http://www.itnose.net
169,http://www.twoeggz.com
170,http://www.rs05.com
171,http://www.creprice.cn
172,http://www.mobanku.com
173,http://www.sxl.cn
174,http://www.drivergenius.com
175,http://www.lthack.com
176,http://www.95516.com
177,http://www.goodgupiao.com
178,http://www.2265.com
179,http://www.ruijie.com.cn
180,http://www.sdcms.cn
181,http://www.qulishi.com
182,http://www.hrtv.cn
183,http://www.uniuc.com
184,http://www.oneplus.com
185,http://www.esshangpu.com
186,http://www.bangtuike.com.cn
187,http://www.raksmart.com
188,http://www.mouxiao.com
189,http://www.zpsjled.cn
190,http://www.zhainanfulishe.net
191,http://www.anglo-chinese.com
192,http://www.wiz.cn
193,http://www.faw-vw.com
194,http://www.dongnanshan.com
195,http://www.pv-mall.com
196,http://www.rhy123.com
197,http://www.yac8.com
198,http://www.qqxiuzi.cn
199,http://www.cc5.net
200,http://www.zhsho.com
201,http://www.ggmee.com
202,http://www.ufeifan.com
203,http://www.swoole.com
204,http://www.ciliba.org
205,http://www.nvsay.com
206,http://www.xianshiw.com
207,http://www.8884321.com
208,http://www.ck365.cn
209,http://www.dongfangfuli.com
210,http://www.linkstars.com
211,http://www.iflyrec.com
212,http://www.mg21.com
213,http://www.zt-express.com
214,http://www.makeding.com
215,http://www.meiwish.com
216,http://www.qhimg.com
217,http://www.wzdai.com
218,http://www.zgjm.org
219,http://www.pediy.com
220,http://www.cnfla.com
221,http://www.huweishen.com
222,http://www.cnfrandy.com
223,http://www.jxcad.com.cn
224,http://www.tradew.com
225,http://www.guanzhunet.com
226,http://www.examcoo.com
227,http://www.izhuti.com
228,http://www.cmdy5.com
229,http://www.seo.net.cn
230,http://www.go108.com.cn
231,http://www.biomedcentral.com
232,http://www.dygang.net
233,http://www.tdzyw.com
234,http://www.qu.la
235,http://www.jiapin.com
236,http://www.bjzq.com.cn
237,http://www.51edu.com
238,http://www.bazhuayu.com
239,http://www.huodongjia.com
240,http://www.zhan.com
241,http://www.sunyet.com
242,http://www.ziyuanku.com
243,http://www.pptok.com
244,http://www.toujx.com
245,http://www.1bj.com
246,http://www.zhbit.com
247,http://www.571xz.com
248,http://www.codeforge.cn
249,http://www.lolo.com.cn
250,http://www.mmybt.com
251,http://www.iqsu.cn
252,http://www.szlib.org.cn
253,http://www.gxbs.net
254,http://www.cckke.com
255,http://www.hi138.com
256,http://www.soulady.net
257,http://www.guzheng.cn
258,http://www.meiqia.com
259,http://www.freewl.com
260,http://www.zlw168.com
261,http://www.meiqia.com
262,http://www.freewl.com
263,http://www.zlw168.com
264,http://www.3gmfw.cn
265,http://www.idting.com
266,http://www.atpanel.com
267,http://www.xianzhenyuan.cn
268,http://www.xiangshanart.com
269,http://www.520lbl.com
270,http://www.codeceo.com
271,http://www.nbmai.com
272,http://www.hrtsea.com
273,http://www.23yy.com
274,http://www.lenosoft.net
275,http://www.myhostadmin.net
276,http://www.xinanidc.com
277,http://www.golaravel.com
278,http://www.baifendian.com
279,http://www.u148.net
280,http://www.1zgo.cn
281,http://www.sosobta.net
282,http://www.mtedu.com
283,http://www.kindeditor.net
284,http://www.reshi100.com
285,http://www.wtdgps.com
286,http://www.nd115.com
287,http://www.comsenz.com
288,http://www.aitingwang.com
289,http://www.zhaogepu.com
290,http://www.phperz.com
291,http://www.zou114.com
292,http://www.137365.com
293,http://www.tongyi.com
294,http://www.go2tw.cn
295,http://www.rhs.com.cn
296,http://www.fenyucn.com
297,http://www.veeqi.com
298,http://www.zupulu.com
299,http://www.zntec.cn
300,http://www.oreilly.com.cn
301,http://www.matrixpartners.com.cn
302,http://www.1688e.net
303,http://www.81pan.com
304,http://www.100offer.com
305,http://www.firefox.com.cn
306,http://www.byrenjia.com
307,http://www.wofang.com
308,http://www.fosun.com
309,http://www.yubaibai.com.cn
310,http://www.h2o-china.com
311,http://www.expreview.com
312,http://www.chewen.com
313,http://www.dongdao.net
314,http://www.gwyoo.com
315,http://www.kkeye.com
316,http://www.nanjing.gov.cn
317,http://www.xd61.com
318,http://www.jadewd.com
319,http://www.halihali.tv
320,http://www.t0001.com
321,http://www.uptodate.cn
322,http://www.yxad.com
323,http://www.yuncaijing.com
324,http://www.sangfor.com.cn
325,http://www.nodejs.cn
326,http://www.adminkc.com
327,http://www.game773.com
328,http://www.cnlogo8.com
329,http://www.timetimetime.net
330,http://www.wepe.com.cn
331,http://www.ddvip.com
332,http://www.360zhibo.com
333,http://www.apprcn.com
334,http://www.liuliangbao.cn
335,http://www.91wan.com
336,http://www.onedow.com
337,http://www.idyjy.com
338,http://www.86kx.com
339,http://www.haorenshuo.com
340,http://www.haoliv.com
341,http://www.talkingdata.com
342,http://www.962.net
343,http://www.liang360.com
344,http://www.gepuwang.net
345,http://www.duwenz.com
346,http://www.shuame.com
347,http://www.txtnovel.net
348,http://www.gkstk.com
349,http://www.zui5.com
350,http://www.1198.cn
351,http://www.wxb.com
352,http://www.bumimi.com
353,http://www.12377.cn
354,http://www.nonobank.com
355,http://www.mddmm.com
356,http://www.powerrsoft.com
357,http://www.shaoit.com
358,http://www.boobooke.com
359,http://www.china360.cn
360,http://www.hc23.com
361,http://www.psnine.com
362,http://www.lanzou.com
363,http://www.ex-silver.com
364,http://www.rmfans.cn
365,http://www.kengdie.com
366,http://www.wdlinux.cn
367,http://www.shuihuoibm.com
368,http://www.ourjs.com
369,http://www.bendiso.com
370,http://www.uuufun.com
371,http://www.liuzhou.gov.cn
372,http://www.duiba.com.cn
373,http://www.oka.com.cn
374,http://www.elvxing.net
375,http://www.ibidian.com
376,http://www.jobbaidu.com
377,http://www.minecraftxz.com
378,http://www.dingdang.ca
379,http://www.fy169.net
380,http://www.51hei.com
381,http://www.sj00.com
382,http://www.cydf.com
383,http://www.taoad.com
384,http://www.ffsky.com
385,http://www.qixing123.com
386,http://www.biz4security.com
387,http://www.geforce.cn
388,http://www.headphoneclub.com
389,http://www.leyantech.com
390,http://www.ctiku.com
391,http://www.codemao.cn
392,http://www.julur.com
393,http://www.linkhaitao.com
394,http://www.bukop.com
395,http://www.caam.org.cn
396,http://www.maeda-atsuko.cn
397,http://www.360webcache.com
398,http://www.8gdyhd.com
399,http://www.apl.com
400,http://www.ckck.tv
401,http://www.phpddt.com
402,http://www.htcui.com
403,http://www.eudic.net
404,http://www.testrust.com
405,http://www.asiatvro.com
406,http://www.fashaoyou.net
407,http://www.cnbanbao.cn
408,http://www.51bdy.com
409,http://www.flash.cn
410,http://www.tbba.com.cn
411,http://www.lookerchina.com
412,http://www.nba.cn
413,http://www.cofool.com
414,http://www.mg88.cn
415,http://www.chinapnr.com
416,http://www.fanw8.com
417,http://www.9duw.com
418,http://www.dajie.com
419,http://www.sansimai.com
420,http://www.ccjk.com
421,http://www.hscode.net
422,http://www.zjut.edu.cn
423,http://www.topbiz360.com
424,http://www.chinasalestore.com
425,http://www.geyanw.com
426,http://www.czcb.com.cn
427,http://www.bujie.com
428,http://www.csweigou.com
429,http://www.escience.cn
430,http://www.hxedu.com.cn
431,http://www.atteam.cn
432,http://www.fob001.cn
433,http://www.qcdy.com
434,http://www.xunbaozhifu.com
435,http://www.jin10.com
436,http://www.yyge.com
437,http://www.luxehi.com
438,http://www.wenkubao.cc
439,http://www.tradezz.com
440,http://www.foxitsoftware.cn
441,http://www.chem960.com
442,http://www.ybdu.com
443,http://www.windowszj.com
444,http://www.ksyun.com
445,http://www.chytey.com
446,http://www.alipay.net
447,http://www.getitfree.cn
448,http://www.civilcn.com
449,http://www.qianyan.biz
450,http://www.deepin.org
451,http://www.tyouai.com
452,http://www.gnway.cc
453,http://www.qingchengfit.cn
454,http://www.chinaidr.com
455,http://www.lspjy.com
456,http://www.xinrenxinshi.com
457,http://www.zbgb.org
458,http://www.jkys5.com
459,http://www.tz100.com
460,http://www.cdcgames.net
461,http://www.zbgb.org
462,http://www.jkys5.com
463,http://www.tz100.com
464,http://www.cdcgames.net
465,http://www.pisen.com.cn
466,http://www.siteserver.cn
467,http://www.chinagames.net
468,http://www.qqxbt.com
469,http://www.hr.com.cn
470,http://www.lai18.com
471,http://www.thewto.com
472,http://www.nongjx.com
473,http://www.zjzx.gov.cn
474,http://www.ane56.com
475,http://www.ghpym.com
476,http://www.cn16.cn
477,http://www.005.tv
478,http://www.qiyegongqiu.net
479,http://www.baiduyunpan.com
480,http://www.chinaunicom.cn
481,http://www.epbiao.com
482,http://www.86sb.com
483,http://www.ruankao.org.cn
484,http://www.cctalk.com
485,http://www.laravelacademy.org
486,http://www.genshuixue.com
487,http://www.liangchan.net
488,http://www.iiyi.com
489,http://www.cnitpm.com
490,http://www.wenzhou.gov.cn
491,http://www.baby611.com
492,http://www.cmt.com.cn
493,http://www.panli.com
494,http://www.jitatang.com
495,http://www.27580.cn
496,http://www.iwan4399.com
497,http://www.edudisk.cn
498,http://www.weidai.com.cn
499,http://www.prnews.cn
500,http://www.ruby-china.org
501,http://www.docbook.com.cn
502,http://www.duozhi.com
503,http://www.spdex.com
504,http://www.cecol.com.cn
505,http://www.neihan8.com
506,http://www.nfuwow.com
507,http://www.worldsou.cn
508,http://www.banggood.cn
509,http://www.sflep.com
510,http://www.chinapost.com.cn
511,http://www.crmzb.com
512,http://www.xna8.com
513,http://www.51tyty.com
514,http://www.vemic.com
515,http://www.360buyimg.com
516,http://www.juesheng.com
517,http://www.youlai.cn
518,http://www.alloyteam.com
519,http://www.zhimg.com
520,http://www.longliqicn.cn
521,http://www.soopay.net
522,http://www.huanqiumil.com
523,http://www.fandongxi.com
524,http://www.eastdesign.net
525,http://www.cnplugins.com
526,http://www.winbaicai.com
527,http://www.sellingexpress.net
528,http://www.lemall.com
529,http://www.changle.com.cn
530,http://www.9damao.com
531,http://www.zte.com.cn
532,http://www.37zw.com
533,http://www.51ade.com
534,http://www.ziroom.com
535,http://www.php.cn
536,http://www.yingxiong.com
537,http://www.xjishu.com
538,http://www.23us.cc
539,http://www.wozhongla.com
540,http://www.albiz.cn
541,http://www.yiqihao.com
542,http://www.teamshub.com
543,http://www.qifeiye.com
544,http://www.gitee.io
545,http://www.wd999.com
546,http://www.tembin.com
547,http://www.shh28.com
548,http://www.2dfan.com
549,http://www.ynrsksw.com
550,http://www.jumpserver.org
551,http://www.santaihu.com
552,http://www.leanote.com
553,http://www.cdbao.net
554,http://www.cfainstitute.org
555,http://www.e993.com
556,http://www.mvs.com.cn
557,http://www.cfaa.cn
558,http://www.alibabacorp.com
559,http://www.goodao.net
560,http://www.renren.io
561,http://www.knet.cn
562,http://www.deppre.cn
563,http://www.flyert.com
564,http://www.2kxs.com
565,http://www.renrendoc.com
566,http://www.laoxuehost.com
567,http://www.ahalei.com
568,http://www.cacp.org.cn
569,http://www.chanpin100.com
570,http://www.clponline.cn
571,http://www.030buy.net
572,http://www.bookben.com
573,http://www.ooqiu.com
574,http://www.lelekan.com
575,http://www.51ztzj.com
576,http://www.id68.cn
577,http://www.iyunying.org
578,http://www.lianshang.com
579,http://www.x23us.com
580,http://www.autodesk.com.cn
581,http://www.qtfy.cc
582,http://www.newhouse.com.cn
583,http://www.bosszhipin.com
584,http://www.gncebest88.com
585,http://www.itezhop.com
586,http://www.mozest.com
587,http://www.missyuan.com
588,http://www.talk99.cn
589,http://www.boxuegu.com
590,http://www.ziti163.com
591,http://www.newnet.cc
592,http://www.guiguanrc.com
593,http://www.zhaozi.cn
594,http://www.cnping.com
595,http://www.chukou1.cn
596,http://www.ebay.com.hk
597,http://www.melot.cn
598,http://www.sellergrowth.com
599,http://www.uiiiuiii.com
600,http://www.zhongguojie.org
601,http://www.xuesai.cn
602,http://www.nowcoder.com
603,http://www.mamicode.com
604,http://www.wanchengwenku.com
605,http://www.freehao123.com
606,http://www.bagevent.com
607,http://www.80txt.com
608,http://www.zoomeye.org
609,http://www.dzsofts.net
610,http://www.btshoufa.net
611,http://www.yundasys.com
612,http://www.holike.com
613,http://www.xiusheji.com
614,http://www.itrust.org.cn
615,http://www.wahuasuan.com
616,http://www.feixiaohao.com
617,http://www.591moto.com
618,http://www.gzjd.gov.cn
619,http://www.bijiaqi.com
620,http://www.mi818.com
621,http://www.zxjsq.net
622,http://www.lwgod.com
623,http://www.72g.com
624,http://www.mp4ba.la
625,http://www.51testing.com
626,http://www.hicloud.com
627,http://www.agiso.com
628,http://www.filmaker.cn
629,http://www.trinasolar.com
630,http://www.youshang.com
631,http://www.baiwang.com
632,http://www.yueyang.gov.cn
633,http://www.phbang.cn
634,http://www.incopat.com
635,http://www.21hifi.com
636,http://www.nottingham.edu.cn
637,http://www.wazhuti.com
638,http://www.job1001.com
639,http://www.hooppay.com
640,http://www.wxphp.com
641,http://www.hao4k.cn
642,http://www.nvsehui.com
643,http://www.5011.net
644,http://www.ubisoft.com.cn
645,http://www.369u.net
646,http://www.oneplusbbs.com
647,http://www.xiaoeknow.com
648,http://www.ghtt.net
649,http://www.allinpay.com
650,http://www.55.la
651,http://www.cncico.com
652,http://www.703804.com
653,http://www.jinbazhe.com
654,http://www.ancc.org.cn
655,http://www.fanfou.com
656,http://www.11px.cn
657,http://www.hnagroup.net
658,http://www.itc.cn
659,http://www.baizhan.net
660,http://www.wemew.cn
661,http://www.cnprint.org
662,http://www.lenovomm.com
663,http://www.data68.com
664,http://www.51wady.com
665,http://www.jsgwyw.org
666,http://www.800best.com
667,http://www.adoler.com
668,http://www.chinaemail.cn
669,http://www.cstnet.cn
670,http://www.lygbst.cn
671,http://www.ikuko.com
672,http://www.zjport.gov.cn
673,http://www.ndichina.cn
674,http://www.upantool.com
675,http://www.manhuaren.com
676,http://www.fangcloud.com
677,http://www.dyjqd.com
678,http://www.hqck.net
679,http://www.ttlsa.com
680,http://www.99xyx.com
681,http://www.trackdog.com
682,http://www.geenmedical.com
683,http://www.plp.com.cn
684,http://www.i5mai.com
685,http://www.huaren888.com
686,http://www.taihe.com
687,http://www.chinacache.com
688,http://www.chromecj.com
689,http://www.cio114.com
690,http://www.hx168.com.cn
691,http://www.anquan.org
692,http://www.t999.cn
693,http://www.molbase.cn
694,http://www.kxdw.com
695,http://www.8684.com
696,http://www.qd315.net
697,http://www.ywtx.cc
698,http://www.ynet.cn
699,http://www.askququ.com
700,http://www.22tu.cc
701,http://www.jiujiulg.com
702,http://www.golue.com
703,http://www.belltrip.cn
704,http://www.tl95.com
705,http://www.sumool.com
706,http://www.hcbbs.com
707,http://www.ggfwzs.com
708,http://www.yoyou.com
709,http://www.ballbar.cc
710,http://www.etest8.com
711,http://www.zuidaima.com
712,http://www.50cnnet.com
713,http://www.pig66.com
714,http://www.11player.com
715,http://www.020.com
716,http://www.aiquxs.com
717,http://www.biquger.com
718,http://www.ixueyi.com
719,http://www.dsqnw.com
720,http://www.cppblog.com
721,http://www.gdcrj.com
722,http://www.idcbest.com
723,http://www.aiuxian.com
724,http://www.jiajuol.com
725,http://www.qyresearch.com
726,http://www.bbsmax.com
727,http://www.jiang.com
728,http://www.okooo.com
729,http://www.html5tricks.com
730,http://www.ebf.cc
731,http://www.lianaiyx.com
732,http://www.luoxia.com
733,http://www.mp4pa.com
734,http://www.dy1234.net
735,http://www.openedv.com
736,http://www.hiqq.com.cn
737,http://www.ecutool.com
738,http://www.yakuhd.com
739,http://www.kanunu8.com
740,http://www.wddsnxn.org
741,http://www.lol5s.com
742,http://www.fonts.net.cn
743,http://www.ipc.me
744,http://www.sjtxt.com
745,http://www.nvshens.com
746,http://www.xuebalib.com
747,http://www.masuit.com
748,http://www.meijuck.com
749,http://www.kmf.com
750,http://www.pinchain.com
751,http://www.dnyyjcw.com
752,http://www.cn-ki.net
753,http://www.sda.gov.cn
754,http://www.yycaf.net
755,http://www.qqxzb.com
756,http://www.airacm.com
757,http://www.jiluniwo.cn
758,http://www.hdwan.net
759,http://www.lishiquwen.com
760,http://www.mingluji.com
761,http://www.3ttech.cn
762,http://www.sfda.gov.cn
763,http://www.5tps.com
764,http://www.dyguo.com
765,http://www.kb20.cc
766,http://www.eaymusic.com
767,http://www.zqzz.com
768,http://www.zxdy.cc
769,http://www.suibianlu.com
770,http://www.jiawin.com
771,http://www.kaifx.cn
772,http://www.youav.com
773,http://www.sdlawyer.org.cn
774,http://www.echartsjs.com
775,http://www.godic.net
776,http://www.ixdzs.com
777,http://www.chinesetest.cn
778,http://www.sooopu.com
779,http://www.gamehome.tv
780,http://www.jiuhe3000.com
781,http://www.vsuch.com
782,http://www.zhyw.net
783,http://www.biquge5200.com
784,http://www.datacaciques.com
785,http://www.airdroid.com
786,http://www.ting56.com
787,http://www.ctext.org
788,http://www.mbaex.com
789,http://www.lilithgames.com
790,http://www.sapsf.cn
791,http://www.polyv.cn
792,http://www.shuquge.com
793,http://www.linktech.cn
794,http://www.qnap.com
795,http://www.peiyin.com
796,http://www.lookfantastic.com
797,http://www.mipay.com
798,http://www.amz520.com
799,http://www.mjzj.com
800,http://www.7nmg.com
801,http://www.zhaifu.cc
802,http://www.xigua66.com
803,http://www.dhzw.org
804,http://www.wmtuku.com
805,http://www.biqudu.com
806,http://www.jdol.com.cn
807,http://www.weimeixi.com
808,http://www.ting89.com
809,http://www.bubulai.com
810,http://www.3lian.com
811,http://www.runker.net
812,http://www.7360.cc
813,http://www.okex.com
814,http://www.ishuo.cn
815,http://www.pcfreetime.com
816,http://www.biquguan.com
817,http://www.69shu.com
818,http://www.cas.org
819,http://www.55xia.com
820,http://www.tongse05.info
821,http://www.u9yy.com
822,http://www.partcommunity.com
823,http://www.xy185.com
824,http://www.yeeyan.org
825,http://www.djkk.com
826,http://www.57mh.com
827,http://www.vivo.xyz
828,http://www.dotfashion.cn
829,http://www.scpta.gov.cn
830,http://www.danji6.com
831,http://www.beetz.cn
832,http://www.guijj.com
833,http://www.duyidu.com
834,http://www.mmjpg.com
835,http://www.bentley.com
836,http://www.cucas.cn
837,http://www.scirp.org
838,http://www.mmears.com
839,http://www.kaiwind.com
840,http://www.quankan.tv
841,http://www.sia.cn
842,http://www.39cao.com
843,http://www.codefans.net
844,http://www.jiepaids.com
845,http://www.gongjiaomi.com
846,http://www.phoenixos.com
847,http://www.vjudge.net
848,http://www.mmonly.cc
849,http://www.xs.la
850,http://www.openresty.org
851,http://www.jinyongwang.com
852,http://www.3837.cc
853,http://www.zhimengzhe.com
854,http://www.yatu.tv
855,http://www.vipdaquan.com
856,http://www.zhujiwu.com
857,http://www.cnllm.com
858,http://www.3gus.com
859,http://www.hainei.org
860,http://www.wumaow.com
861,http://www.tuji8.com
862,http://www.caihao.com
863,http://www.591mogu.com
864,http://www.9miao.com
865,http://www.xuehai.net
866,http://www.ihep.ac.cn
867,http://www.namesilo.com
868,http://www.3533.com
869,http://www.menworld.org
870,http://www.tutufu.net
871,http://www.yczbb.com
872,http://www.51seer.com
873,http://www.sjtxt.la
874,http://www.liaosam.com
875,http://www.52iv.tv
876,http://www.daysou.com
877,http://www.iyaxin.com
878,http://www.bitmain.com
879,http://www.g-cores.com
880,http://www.zhifure.com
881,http://www.xunleiyy.com
882,http://www.0756tong.com
883,http://www.jjskx.org.cn
884,http://www.vfxinfo.net
885,http://www.etdown.net
886,http://www.sheizhiwo.com
887,http://www.dashubao.cc
888,http://www.wanbizu.com
889,http://www.sellgreat.com
890,http://www.098.com
891,http://www.imomoe.com
892,http://www.entgroup.com
893,http://www.xiandaiyuwen.com
894,http://www.ttll.cc
895,http://www.51ym.me
896,http://www.dehannet.com
897,http://www.t603.com
898,http://www.shishanghezi.com
899,http://www.meijuhui.net
900,http://www.repian110.com
901,http://www.cellsignal.com
902,http://www.qianwanqun.com
903,http://www.sapjam.com
904,http://www.fcw18.com
905,http://www.wadongxi.com
906,http://www.fengyunlive.com
907,http://www.hubwiz.com
908,http://www.winzq.com
909,http://www.techcrunch.cn
910,http://www.altium.com
911,http://www.vgao.xyz
912,http://www.moeshare.com
913,http://www.shede.com
914,http://www.g007.com
915,http://www.roowei.com
916,http://www.100ec.cn
917,http://www.txt99.com
918,http://www.v5pc.com
919,http://www.chuiyao.com
920,http://www.henghost.com
921,http://www.alisoft.com
922,http://www.expo-china.com
923,http://www.tsxsw.com
924,http://www.medcn.cn
925,http://www.yidukindle.com
926,http://www.400jz.com
927,http://www.7dapei.com
928,http://www.iapps.im
929,http://www.xianyuso.com
930,http://www.nh87.cn
931,http://www.yibuyy.com
932,http://www.lookfantastic.cn
933,http://www.wjgnet.com
934,http://www.sscat.tw
935,http://www.vuefe.cn
936,http://www.phoenixstudio.org
937,http://www.itrip.com
938,http://www.cnpet.cc
939,http://www.mmmppp333.com
940,http://www.futu5.com
941,http://www.sjzfgw.cn
942,http://www.sdy4.net
943,http://www.91ud.com
944,http://www.shaoka5.com
945,http://www.zhuaji.org
946,http://www.wobei.org
947,http://www.kkkkba.com
948,http://www.ipanelonline.com
949,http://www.tenholes.com
950,http://www.fengship.com
951,http://www.twinkstar.cn
952,http://www.duotv.cc
953,http://www.taiguo.com
954,http://www.yaoqing.com
955,http://www.ha66.net
956,http://www.icmarkets.com
957,http://www.imgchr.com
958,http://www.iteshop.com
959,http://www.jiligame.com
960,http://www.5di.tv
961,http://www.dajiadu.net
962,http://www.digi-wo.com
963,http://www.fhxiaoshuo.com
964,http://www.jj59.com
965,http://www.yueyuwu.com
966,http://www.studyai.com
967,http://www.24fa.com
968,http://www.6080.tv
969,http://www.minimp4.com
970,http://www.idm.cc
971,http://www.jpmsg.com
972,http://www.wofun.cc
973,http://www.bulgari.com
974,http://www.paigu.com
975,http://www.yunrui.co
976,http://www.zb.com
977,http://www.bagualaile.com
978,http://www.dymp4.com
979,http://www.fallchat.com
980,http://www.sm5.cc
981,http://www.86gg.cn
982,http://www.viveport.com
983,http://www.dypuzi.com
984,http://www.postcodebase.com
985,http://www.lingdiankanshu.co
986,http://www.3ddl.net
987,http://www.57see.com
988,http://www.yjl68.cn
989,http://www.yongjiuzy.com
990,http://www.kavelaa.work
991,http://www.shelive.net
992,http://www.109876543210.com
993,http://www.qire.in
994,http://www.beijingjianlei.com
995,http://www.jiadejin.com
996,http://www.nihaogood.com
997,http://www.55xs.com
998,http://www.rakuten.cn
999,http://www.bcb5.com
1000,http://www.tgirl.cc
1001,http://www.1diaocha.com
1002,http://www.12388.gov.cn
1003,http://www.155pan.com
1004,http://www.26ks.com
1005,http://www.shuge.net
1006,http://www.yunpankk.com
1007,http://www.jlszyy.com
1008,http://www.cocos2d-x.org
1009,http://www.00m1.com
1010,http://www.y80s.com
1011,http://www.xiaoshuoli.com
1012,http://www.537.com
1013,http://www.chitu1.cc
1014,http://www.xcmh.cc
1015,http://www.ffdy.cc
1016,http://www.weiphone.com
1017,http://www.tuku.la
1018,http://www.rndsystems.com
1019,http://www.rimanggis.com
1020,http://www.niugames.cn
1021,http://www.kqiwen.com
1022,http://www.didown.com
1023,http://www.qqbody.com
1024,http://www.youxi366.com
1025,http://www.pplive.com
1026,http://www.playskins.com
1027,http://www.113gb.com
1028,http://www.cmdrawin.com
1029,http://www.font168.com
1030,http://www.camcard.com
1031,http://www.biquge.cc
1032,http://www.1766bbs.com
1033,http://www.zynews.com
1034,http://www.wo99.com
1035,http://www.wpbus.com.cn
1036,http://www.chinaetek.com
1037,http://www.dsqnw.net
1038,http://www.xy69.me
1039,http://www.iphonecake.com
1040,http://www.wuyouhui.net
1041,http://www.hack80.com
1042,http://www.veeva.com
1043,http://www.zhenben.cc
1044,http://www.wmtxt.com
1045,http://www.360zhijia.com
1046,http://www.jiangmen.gov.cn
1047,http://www.guidaye.com
1048,http://www.58dm.com
1049,http://www.tidebuy.com
1050,http://www.p2pshijie.com
1051,http://www.1680210.com
1052,http://www.mitsubishielectric.com
1053,http://www.7624.net
1054,http://www.zhuyin.com
1055,http://www.fatbtc.com
1056,http://www.wo23.com
1057,http://www.liewen.cc
1058,http://www.kaixian.tv
1059,http://www.88liu.com
1060,http://www.zhemezhai.com
1061,http://www.usportnews.com
1062,http://www.ecshop.com
1063,http://www.paoxue.com
1064,http://www.muvod.com
1065,http://www.abclite.net
1066,http://www.qktsw.vip
1067,http://www.zjuqsc.com
1068,http://www.4493.com
1069,http://www.abc119.cn
1070,http://www.ganggg.com
1071,http://www.forbeschina.com
1072,http://www.pyluoxi.com
1073,http://www.chinaplasonline.com
1074,http://www.188bet.com
1075,http://www.longchamp.com
1076,http://www.yehetang.com
1077,http://www.btctrade.com
1078,http://www.chineseinsfbay.com
1079,http://www.luacn.net
1080,http://www.tscmc.com
1081,http://www.feibit.com
1082,http://www.zhiyun-tech.com
1083,http://www.yoga.com
1084,http://www.lalilali.com
1085,http://www.shijuewu.com
1086,http://www.diannaodian.com
1087,http://www.xingyunba.com
1088,http://www.rxdsj.com
1089,http://www.shangpin.com
1090,http://www.ultraedit.com
1091,http://www.znttbbs.com
1092,http://www.b.top
1093,http://www.power.com
1094,http://www.wopus.org
1095,http://www.vjome.jx.cn
1096,http://www.myip.cn
1097,http://www.jipinzw.com
1098,http://www.armani.cn
1099,http://www.fuyuanvip.com
1100,http://www.archiexpo.com
1101,http://www.rohome.net
1102,http://www.58.com.cn
1103,http://www.xlfans.com
1104,http://www.gcwdq.com
1105,http://www.unionpayintl.com
1106,http://www.qhsdkj.com.cn
1107,http://www.shouapps.com
1108,http://www.tx97.cn
1109,http://www.1ketang.com
1110,http://www.52ra3.com
1111,http://www.100shuai.com
1112,http://www.booksir.com.cn
1113,http://www.chinapiwei.com
1114,http://www.shenyuandao.com
1115,http://www.peninsula.com
1116,http://www.kucoin.com
1117,http://www.txflsp.com
1118,http://www.171zz.com
1119,http://www.zhiyinlady.com
1120,http://www.sgxsw.com
1121,http://www.txflsp.com
1122,http://www.171zz.com
1123,http://www.zhiyinlady.com
1124,http://www.sgxsw.com
1125,http://www.admaster.com.cn
1126,http://www.plu.cn
1127,http://www.rayfile.com
1128,http://www.niugebbs.com
1129,http://www.cnenergy.org
1130,http://www.idy360.com
1131,http://www.ha55.net
1132,http://www.dongqiuzhibo.com
1133,http://www.szgla.com
1134,http://www.qq745.com
1135,http://www.kantc.com
1136,http://www.22090.com
1137,http://www.hlyy.cc
1138,http://www.sdl.com
1139,http://www.binhuo.com
1140,http://www.epshw.com
1141,http://www.446655.com
1142,http://www.1218.com.cn
1143,http://www.luosi.com
1144,http://www.edifier.com
1145,http://www.txtjia.com
1146,http://www.baseus.com
1147,http://www.xigua.com
1148,http://www.miniso.com
1149,http://www.sssc.cn
1150,http://www.laneige.com
1151,http://www.cdindustry.com
1152,http://www.cosmedecorte.com
1153,http://www.zhuaying.com
1154,http://www.qqgexing.com
1155,http://www.dydog.org
1156,http://www.jlgcyy.com
1157,http://www.nanrencd.com
1158,http://www.orangesgame.com
1159,http://www.kan2008.com
1160,http://www.cnhonkerarmy.com
1161,http://www.wxguan.com
1162,http://www.ssdtop.com
1163,http://www.chinaedu.net
1164,http://www.jc333.net
1165,http://www.vooec.com
1166,http://www.nly.cn
1167,http://www.lewenxiaoshuo.com
1168,http://www.fhaircut.com
1169,http://www.sukan.org
1170,http://www.fjjcjy.com
1171,http://www.2012net.com
1172,http://www.txt99.cc
1173,http://www.678cn.com
1174,http://www.huanhuba.com
1175,http://www.qcckw.com
1176,http://www.fiio.com
1177,http://www.sigma-rt.com
1178,http://www.coinw.com
1179,http://www.mmfj.com
1180,http://www.feifeiboke.com
1181,http://www.vrzhijia.com
1182,http://www.xunbopian.com
1183,http://www.yqimh.net
1184,http://www.dsm.com
1185,http://www.postpony.com
1186,http://www.yoybuy.com
1187,http://www.dy86.com
1188,http://www.kyocera.com.cn
1189,http://www.chinatoday.com.cn
1190,http://www.114so.cn
1191,http://www.dawenxue.org
1192,http://www.f3322.org
1193,http://www.51jlx.com
1194,http://www.rohde-schwarz.com
1195,http://www.tompda.com
1196,http://www.chengdubbs.cn
1197,http://www.123123.net
1198,http://www.mxzmz.com
1199,http://www.x5aa.com
1200,http://www.aw13.cn
1201,http://www.jphifi.com
1202,http://www.166xs.com
1203,http://www.zbg.com
1204,http://www.christiedigital.com
1205,http://www.zb8.com
1206,http://www.qiuwu.net
1207,http://www.kinpan.com
1208,http://www.bjxch.gov.cn
1209,http://www.zjds-etax.cn
1210,http://www.wc111.net
1211,http://www.59net.cn
1212,http://www.lamy.com.hk
1213,http://www.766.com
1214,http://www.haoduoge.com
1215,http://www.ssdvd.net
1216,http://www.hjwzw.com
1217,http://www.fyuntv.cn
1218,http://www.ailab.cn
1219,http://www.cntour2.com
1220,http://www.yyoyyu.com
1221,http://www.shen-qi.com
1222,http://www.88152.com
1223,http://www.suimeng.la
1224,http://www.ycmhz.com.cn
1225,http://www.crc.com.hk
1226,http://www.ecounterp.cn
1227,http://www.zt321.com
1228,http://www.lesmao.cc
1229,http://www.ushipping.us
1230,http://www.sun989.com
1231,http://www.ihush.com
1232,http://www.xixihd.com
1233,http://www.fuhuiglobal.com
1234,http://www.senkazakh.com
1235,http://www.humi6.com
1236,http://www.coca-cola.com.cn
1237,http://www.hxsaige.com
1238,http://www.abc.com
1239,http://www.88106.com
1240,http://www.isoshu.com
1241,http://www.waqu.com
1242,http://www.126185.com
1243,http://www.huibaihe.com
1244,http://www.ilongman.com
1245,http://www.xiangcunxiaoshuo.com
1246,http://www.alevel.com.cn
1247,http://www.chanet.com.cn
1248,http://www.chinavisual.com
1249,http://www.99inf.com
1250,http://www.xunsee.com
1251,http://www.supplyframe.com
1252,http://www.w3397.com
1253,http://www.xinbaigo.com
1254,http://www.vodtw.com
1255,http://www.ownskin.com
1256,http://www.cn5135.com
1257,http://www.xldytt.com
1258,http://www.shoplazza.com
1259,http://www.wuyanxia.net
1260,http://www.leica-microsystems.com
1261,http://www.zhdingtsmy.com
1262,http://www.whufo.com
1263,http://www.dapian8.com
1264,http://www.imxdata.com
1265,http://www.3agw.com
1266,http://www.jabra.cn
1267,http://www.chinaluxus.com
1268,http://www.jdb1688.net
1269,http://www.bd-dy.com
1270,http://www.dnf01.com
1271,http://www.it-home.org
1272,http://www.oneplusone.cn
1273,http://www.ucar.cn
1274,http://www.wyzxsx.com
1275,http://www.v2go.me
1276,http://www.bestsub.com
1277,http://www.acy.com
1278,http://www.gxso.net
1279,http://www.regalhotel.com
1280,http://www.gztb.com.cn
1281,http://www.xm030.com
1282,http://www.ftuan.com
1283,http://www.forexchinese.com
1284,http://www.michaelpage.com.cn
1285,http://www.sketch.im
1286,http://www.goforandroid.com
1287,http://www.fbisb.com
1288,http://www.2ii.info
1289,http://www.bw.com
1290,http://www.swkong.com
1291,http://www.enboo.cn
1292,http://www.whl1.com
1293,http://www.tjcn.org
1294,http://www.jmydm.com
1295,http://www.ijia360.com
1296,http://www.100xin.com
1297,http://www.te888.net
1298,http://www.ec.org.cn
1299,http://www.ssvob.com
1300,http://www.youacc.com
1301,http://www.yangming.com
1302,http://www.globalsources.com.cn
1303,http://www.sheng-huo.org
1304,http://www.jianpu8.com
1305,http://www.pc120.com
1306,http://www.ewtang.com
1307,http://www.lingguangsi.com
1308,http://www.xingbar.com
1309,http://www.culexpress.com
1310,http://www.zg.com
1311,http://www.wg999.com
1312,http://www.lzhuya.com
1313,http://www.thomsonlinear.com.cn
1314,http://www.114guoshu.com
1315,http://www.hzhqmy.cn
1316,http://www.kerrylogistics.com
1317,http://www.9zhiad.com
1318,http://www.semi.org
1319,http://www.qunaer.com
1320,http://www.yuanmawu.net
1321,http://www.80s.cn
1322,http://www.heimi001.com
1323,http://www.manunited.com.cn
1324,http://www.techtarget.com.cn
1325,http://www.945.com
1326,http://www.dipan.com
1327,http://www.xs9999.com
1328,http://www.shxb.net
1329,http://www.iamsujie.com
1330,http://www.wumii.com
1331,http://www.sulwhasoo.com
1332,http://www.wuhan.net.cn
1333,http://www.echooit.com
1334,http://www.verical.com
1335,http://www.mritd.me
1336,http://www.wanzhuanlea.com
1337,http://www.8fkd.com
1338,http://www.bizdirlib.com
1339,http://www.aoscdn.com
1340,http://www.2k2k.cc
1341,http://www.acgbenzi.com
1342,http://www.keai.tv
1343,http://www.szdsyy.com
1344,http://www.cctv1zhibo.com
1345,http://www.nokia.com.cn
1346,http://www.ubuuk.com
1347,http://www.yylky.cn
1348,http://www.ladyyu.com
1349,http://www.imeigu.com
1350,http://www.77xigua.cc
1351,http://www.2626.com
1352,http://www.iezvu.com
1353,http://www.examda.com
1354,http://www.weiruoyu.cn
1355,http://www.123.com
1356,http://www.seseyu.com
1357,http://www.haoyidian.com
1358,http://www.ib19.com
1359,http://www.ggg.cn
1360,http://www.52pojie.cn
1361,http://www.chenglongwei.com
1362,http://www.baidu.com
1363,http://www.so.com
1364,http://www.taobao.com
1365,http://www.xiaoniu88.com
1366,http://www.tsingtao.com.cn
1367,http://www.taoqao.com
1368,http://www.sydkty.com
1369,http://www.sogou.com
1370,http://www.shzt120.com
1371,http://www.hrbyxjx.com
1372,http://www.lodihair.com
1373,http://www.panda.tv
1374,http://www.cnc-wedm.cn
1375,http://www.guolaw.cn
1376,http://www.bayram.cn
1377,http://www.qq.com
1378,http://www.alfredqin.com
1379,http://www.xinde.org
1380,http://www.cngold.com.cn
1381,http://www.bilibili.com
1382,http://www.ymjsdk.com
1383,http://www.jinde.org
1384,http://www.firetester.cn
1385,http://www.xy8899.cn
1386,http://www.hyzsy.net
1387,http://www.zhidan.gov.cn
1388,http://www.91s91s.com
1389,http://www.vkknc.top
1390,http://www.88a.com
1391,http://www.alibaba.com
1392,http://www.ciyuange.net
1393,http://www.szhbyt.cn
1394,http://www.bjqxgly.gov.cn
1395,http://www.futande.com
1396,http://www.yy.com
1397,http://www.10333.com
1398,http://www.lg371.com
1399,http://www.whzhy.cn
1400,http://www.kjduobao.com
1401,http://www.icebin.net
1402,http://www.yilyy.com
1403,http://www.douyu.com
1404,http://www.kylinvilla.cn
1405,http://www.hhhtlcy.com
1406,http://www.cooclu.com
1407,http://www.zat66.com
1408,http://www.0531xh.com
1409,http://www.tjxmty.com
1410,http://www.xuqiu.com
1411,http://www.xyds.gov.cn
1412,http://www.gaingalu.com
1413,http://www.30000mir.com
1414,http://www.cnrc114.com
1415,http://www.yuganjiaoxue.com
1416,http://www.xiyueyuan.com
1417,http://www.sipfz.cn
1418,http://www.ucici.com.cn
1419,http://www.rz356.com
1420,http://www.ruizhi.com
1421,http://www.nexttmall.com
1422,http://www.huya.com
1423,http://www.jiankang919.com
1424,http://www.jinwangshang.com
1425,http://www.jxyfy.com
1426,http://www.hsy188.com
1427,http://www.gridy.com
1428,http://www.chinatraining.com.cn
1429,http://www.hbfootball.com
1430,http://www.sm.cn
1431,http://www.qqzuankuo.com
1432,http://www.huimeist.com
1433,http://www.jrsz.org
1434,http://www.q0738.com
1435,http://www.2535802807.com
1436,http://www.hebnews.cn
1437,http://www.chinasiboen.com
1438,http://www.qoow.cn
1439,http://www.hrbwsj.gov.cn
1440,http://www.ypzan.cn
1441,http://www.huxcj.com
1442,http://www.wanshangshop.com
1443,http://www.chmis.cn
1444,http://www.xmsywl.com
1445,http://www.oi22.com
1446,http://www.zhen.com
1447,http://www.designnet.cn
1448,http://www.dangdang.com
1449,http://www.hhhbsw.com
1450,http://www.gylongteng.com
1451,http://www.techgoin.com
1452,http://www.aliyun.com
1453,http://www.yibai666.com
1454,http://www.miercn.com
1455,http://www.ibalife.com
1456,http://www.shuabaopt.com
1457,http://www.jingyu.cn
1458,http://www.liequ.cn
1459,http://www.131uu.com
1460,http://www.zhe800.com
1461,http://www.jollycorp.com
1462,http://www.shynzc168.com
1463,http://www.ibaboss.com
1464,http://www.szliyin.com
1465,http://www.woodsilk.cn
1466,http://www.laowuu.cn
1467,http://www.wanerjialicai.com
1468,http://www.sudasuta.com
1469,http://www.changjiang-lianhe.com
1470,http://www.eueueu.com
1471,http://www.nttcbl.com
1472,http://www.apjunyi.com
1473,http://www.i0395.com
1474,http://www.pmdns.com
1475,http://www.yongyou.net.cn
1476,http://www.57edu.cn
1477,http://www.plusam.com
1478,http://www.58ccoo.com
1479,http://www.fashiongz.com.cn
1480,http://www.haikuixia.com
1481,http://www.havedesign.net
1482,http://www.njsmj.gov.cn
1483,http://www.yych.cn
1484,http://www.qf8888.com
1485,http://www.tljob8001.com
1486,http://www.theshise.com
1487,http://www.dhfz.net
1488,http://www.chinayzfengye.com
1489,http://www.longwenfs.cn
1490,http://www.sina.com.cn
1491,http://www.kaixinwealth.com
1492,http://www.szyh998.com
1493,http://www.hao123.com
1494,http://www.smzdm.com
1495,http://www.china.com
1496,http://www.zjgzpw.cn
1497,http://www.meidouchina.com
1498,http://www.zdzdm.com
1499,http://www.lxswdl.com
1500,http://www.zctaihe.com
1501,http://www.10086.cn
1502,http://www.zajkw.com
1503,http://www.easub.com
1504,http://www.nipic.com
1505,http://www.lejh.com
1506,http://www.mgpyh.com
1507,http://www.djflngy.com
1508,http://www.boqee.com
1509,http://www.gxdrtz.com
1510,http://www.my4000.com
1511,http://www.51zxw.net
1512,http://www.bydfl.com
1513,http://www.szraken.com
1514,http://www.huim.com
1515,http://www.zjxydz.com
1516,http://www.bichuang.com
1517,http://www.qidian.com
1518,http://www.ococ-tea.com
1519,http://www.xx007.com
1520,http://www.cqkexun.com
1521,http://www.qyhm.net
1522,http://www.hsmap.com
1523,http://www.le.com
1524,http://www.zongheng.com
1525,http://www.lxmzb.com
1526,http://www.zgyscgb.com
1527,http://www.ynb100.com
1528,http://www.hbzyfc.com
1529,http://www.577518.cn
1530,http://www.haitao.com
1531,http://www.zongxinkeji.com
1532,http://www.xiaoyoyo.com
1533,http://www.tysyxx.cn
1534,http://www.whxmj.cn
1535,http://www.zhihu.com
1536,http://www.xsteach.com
1537,http://www.jumei.com
1538,http://www.lijin520.com
1539,http://www.zunlongweiyu.net
1540,http://www.lesports.com
1541,http://www.167w.net
1542,http://www.lu.com
1543,http://www.wechat.com
1544,http://www.gwytest.net
1545,http://www.hubeici.com
1546,http://www.5uwx.com
1547,http://www.muzsj.com
1548,http://www.yujingceping.com
1549,http://www.wjdhjt.com
1550,http://www.menglijiao.com
1551,http://www.hnszyy.com
1552,http://www.fzgxrz.com
1553,http://www.fjeyao.com
1554,http://www.stewartfilm.com.cn
1555,http://www.whxlhzs.com
1556,http://www.hljlywx.com
1557,http://www.zhgshw.cn
1558,http://www.139fanyi.net
1559,http://www.cnhan.com
1560,http://www.zjcydz.com
1561,http://www.cqhgjx.com
1562,http://www.tfri.com.cn
1563,http://www.fanli.com
1564,http://www.cankaoxx.com
1565,http://www.henkuai.com
1566,http://www.utouu.com
1567,http://www.ccb.com
1568,http://www.gzzj120.com
1569,http://www.haihejinrong.com
1570,http://www.yikaow.com
1571,http://www.alsyq.com
1572,http://www.wuyajiushu.com
1573,http://www.5any.com
1574,http://www.afpet.cn
1575,http://www.laowuu.com
1576,http://www.anzhi.com
1577,http://www.bmob.cn
1578,http://www.iqqmusic.com
1579,http://www.jskpby.com
1580,http://www.zg163.cn
1581,http://www.itjuzi.com
1582,http://www.tzw.gov.cn
1583,http://www.tianshemall.com
1584,http://www.mx111.com
1585,http://www.hbyoubi.com
1586,http://www.qqxoo.com
1587,http://www.yzbd2014.org.cn
1588,http://www.qgcylm.com
1589,http://www.chhtzx.com
1590,http://www.huitai188.com
1591,http://www.wscjj.cn
1592,http://www.lysjyj.gov.cn
1593,http://www.hotmail.com
1594,http://www.zqins.com
1595,http://www.zc-ls.com
1596,http://www.kuniao.com
1597,http://www.3xie.cn
1598,http://www.jd.com
1599,http://www.yshow.net
1600,http://www.hbtrade.net
1601,http://www.xiaomi.com
1602,http://www.ipo16.com
1603,http://www.wushush.cn
1604,http://www.iqiyi.com
1605,http://www.meguo.com
1606,http://www.psbc.com
1607,http://www.juanpi.com
1608,http://www.gydk.cc
1609,http://www.lumchem.com
1610,http://www.xiaodian.com
1611,http://www.zhangchaoquan.com
1612,http://www.mogujie.com
1613,http://www.firstp2p.com
1614,http://www.syimti.com
1615,http://www.icbc.com.cn
1616,http://www.yhseal.com
1617,http://www.ttce.cn
1618,http://www.yiyuanbaoyou.com
1619,http://www.absxy.com
1620,http://www.zhsect.com
1621,http://www.liwuhang.com
1622,http://www.chapaiming.com
1623,http://www.edancheng.com
1624,http://www.changlinhe.com
1625,http://www.miafi.com
1626,http://www.hbfhwater.com
1627,http://www.qingtaoke.com
1628,http://www.biaozhigan.com
1629,http://www.nuoego.com
1630,http://www.sale-valve.com
1631,http://www.221700.com
1632,http://www.hc360.com
1633,http://www.zsb2cweb.com
1634,http://www.30igo.com
1635,http://www.cnhybyq.com
1636,http://www.zhedu.net
1637,http://www.jingdonghui.com.cn
1638,http://www.nbcart.com.cn
1639,http://www.shijitieta.com
1640,http://www.sfcfw.cn
1641,http://www.dahengcaijing.com
1642,http://www.jusenchina.com
1643,http://www.zhangxinxu.com
1644,http://www.lda.gov.cn
1645,http://www.boriming.com
1646,http://www.nydown.net
1647,http://www.jzbayy.com
1648,http://www.163.com
1649,http://www.xiaozhutv.com
1650,http://www.ppfriend.com
1651,http://www.53118.com
1652,http://www.shsgs.com
1653,http://www.taiding.cc
1654,http://www.zjjsyly.com
1655,http://www.189.cn
1656,http://www.8495.cn
1657,http://www.booklove.net
1658,http://www.meilishuo.com
1659,http://www.jshef.com
1660,http://www.dhtv.cn
1661,http://www.z-tour.cn
1662,http://www.usajsq.com
1663,http://www.157200.cn
1664,http://www.sebc.com.cn
1665,http://www.fylocks.com
1666,http://www.changhong.com
1667,http://www.gycma.cn
1668,http://www.3tii.com
1669,http://www.chinameirong.com
1670,http://www.caapaa.com
1671,http://www.tianyibaobao.com
1672,http://www.nz108.com
1673,http://www.kjb2c.com
1674,http://www.deumed.com.cn
1675,http://www.bjpgbb.gov.cn
1676,http://www.16396.com
1677,http://www.youku.com
1678,http://www.juwanshe.com
1679,http://www.tubaoshop.com
1680,http://www.tudou.com
1681,http://www.hnyzhcz.cn
1682,http://www.suning.com
1683,http://www.cdwfsys.com
1684,http://www.chinaz.com
1685,http://www.qiyejia.cc
1686,http://www.shuding99.cn
1687,http://www.aidalan.com
1688,http://www.ycqpc.top
1689,http://www.zivoo.com
1690,http://www.huazhongcnc.com
1691,http://www.hlcbys.com
1692,http://www.ywejm.top
1693,http://www.gxradio.com
1694,http://www.u17.com
1695,http://www.190180.com
1696,http://www.thguohuo.com
1697,http://www.51buyin.com
1698,http://www.shangceng.com.cn
1699,http://www.ekto.com.cn
1700,http://www.meizhan.com
1701,http://www.bxd365.com
1702,http://www.fsxkl.net
1703,http://www.tianya.cn
1704,http://www.zgdbmm.com
1705,http://www.zxjkw.com
1706,http://www.edu029.com
1707,http://www.boole-tech.com
1708,http://www.hellp1.com
1709,http://www.jrmlr.gov.cn
1710,http://www.diefishfish.com
1711,http://www.qufenqi.com
1712,http://www.qiyuesh.com
1713,http://www.tinypig.tv
1714,http://www.evgou.com
1715,http://www.dnssky.com
1716,http://www.zhihuibong.com
1717,http://www.haohuoyuan.com
1718,http://www.hzqsnkyy.com
1719,http://www.cnwan.com
1720,http://www.730ka.cn
1721,http://www.qudian.com
1722,http://www.chinese-luxury.com
1723,http://www.schyhbcjc.com
1724,http://www.91ichi.com
1725,http://www.zbj.com
1726,http://www.made-in-china.com
1727,http://www.cnnaso.com
1728,http://www.isbag.com
1729,http://www.vzhibo.tv
1730,http://www.alltrip.cn
1731,http://www.drzj.net
1732,http://www.slpawn.com
1733,http://www.sinacloud.com
1734,http://www.hzxsjly.com
1735,http://www.aixiake.com
1736,http://www.17dap.com
1737,http://www.bhc168.com
1738,http://www.bsida.com
1739,http://www.tvunetworks.com
1740,http://www.xianyangzhiyuan.cn
1741,http://www.xietongziyouxing.com
1742,http://www.ratowealth.com
1743,http://www.folkfund.net
1744,http://www.qilida.net
1745,http://www.yujingpecinh.com
1746,http://www.chengdu.cn
1747,http://www.poysun.com
1748,http://www.tjruiji.com.cn
1749,http://www.hxcapital.cn
1750,http://www.dljyw.com
1751,http://www.haiyuehui.com
1752,http://www.webexchina.com
1753,http://www.qxgs.cn
1754,http://www.102ad.com
1755,http://www.gxjyfdc.com
1756,http://www.juebxr.cn
1757,http://www.shoukeyi.com
1758,http://www.jujiukuaiyou.com
1759,http://www.rtgwsc.com
1760,http://www.lunwenfy.com
1761,http://www.huipinzhe.com
1762,http://www.whyswl.com
1763,http://www.hotsang.com
1764,http://www.heifankeji.com
1765,http://www.diktai.cn
1766,http://www.cdmetro-ad.com
1767,http://www.360.cn
1768,http://www.bm.cn
1769,http://www.xunlei.com
1770,http://www.key168.cn
1771,http://www.xycdn.com
1772,http://www.031788.com
1773,http://www.zlxdbj.com
1774,http://www.wzxjzx.com
1775,http://www.ylkoo.com
1776,http://www.cir.cn
1777,http://www.gztusi.com
1778,http://www.alipay.com
1779,http://www.tsqu.com
1780,http://www.xici.net
1781,http://www.sixiangchao.net
1782,http://www.eol.cn
1783,http://www.yc737.com
1784,http://www.139shop.com
1785,http://www.sdyouyi.com.cn
1786,http://www.pinhui001.com
1787,http://www.ln55.com
1788,http://www.ao9.com
1789,http://www.yinxiaoluo.com
1790,http://www.doopaa.com
1791,http://www.teacher.com.cn
1792,http://www.arongsoft.com
1793,http://www.vip.com
1794,http://www.sxqunwen.com
1795,http://www.bj-ssy.com
1796,http://www.miitbeian.gov.cn
1797,http://www.mh4y.com
1798,http://www.jandan.net
1799,http://www.dazhe5.com
1800,http://www.zhe58.com
1801,http://www.shjinrong.com
1802,http://www.zhidatianxia.cn
1803,http://www.xiudai.com
1804,http://www.xm56.cc
1805,http://www.fang.com
1806,http://www.zhpf120.com
1807,http://www.22.cn
1808,http://www.batte.cn
1809,http://www.downdiy.com
1810,http://www.fbayes.com
1811,http://www.lvbabavip.com
1812,http://www.visfocus.com.cn
1813,http://www.hee.cn
1814,http://www.gulmira.com
1815,http://www.jnxhfz.com
1816,http://www.blmdz.cn
1817,http://www.meiz.com.cn
1818,http://www.kingzhuyun.com
1819,http://www.cnzz.com
1820,http://www.www.gov.cn
1821,http://www.guigekeji.com
1822,http://www.yuezhanba.com
1823,http://www.wftzzypx.com
1824,http://www.vvoso.com
1825,http://www.rqnaxf.com
1826,http://www.hoolaigames.com
1827,http://www.unumail.com
1828,http://www.176gouwu.com
1829,http://www.ham163.com
1830,http://www.woniuyl.com
1831,http://www.weirongdai.com
1832,http://www.mayidianping.cn
1833,http://www.noahyacht.cn
1834,http://www.china12306.cn
1835,http://www.hnyouhua.cn
1836,http://www.nvcc.net.cn
1837,http://www.zhijin.vc
1838,http://www.anjuke.com
1839,http://www.yunipo.com
1840,http://www.alibiaobiao.cn
1841,http://www.rg.gov.cn
1842,http://www.ccfybjgs.com
1843,http://www.1688.com
1844,http://www.whedz.com
1845,http://www.zzkjinns.com
1846,http://www.iyutu.cn
1847,http://www.yeyaya2014.com
1848,http://www.linovel.net
1849,http://www.guzhierkang.com
1850,http://www.qiuqiuweb.cn
1851,http://www.yunlianhui.cn
1852,http://www.wahaha.com.cn
1853,http://www.51anxintou.com
1854,http://www.olalabuy.com
1855,http://www.jooyea.cn
1856,http://www.micai.com
1857,http://www.beijing.com
1858,http://www.7755.com
1859,http://www.2bt.cc
1860,http://www.aa88889.com
1861,http://www.aircheng.com
1862,http://www.cddarun.com
1863,http://www.jjszbgs.cn
1864,http://www.wuerth.cn
1865,http://www.szgmwz.com
1866,http://www.chinessy.com
1867,http://www.11wa.com
1868,http://www.impt.cn
1869,http://www.hengdaip.com
1870,http://www.csairshop.com
1871,http://www.wwxzyyy.com
1872,http://www.zgyijiayi.com
1873,http://www.feimipay.com
1874,http://www.hznzcn.com
1875,http://www.12chu.com
1876,http://www.likingfit.com
1877,http://www.17k.com
1878,http://www.scyongxing.com
1879,http://www.theverg.com
1880,http://www.91qmyg.com
1881,http://www.yogjsw.com
1882,http://www.ocex.com.cn
1883,http://www.jxslsdkf.com
1884,http://www.sina.com
1885,http://www.ttzaojiao.com
1886,http://www.mei.com
1887,http://www.15yc.com
1888,http://www.sofreight.com
1889,http://www.zhongheng.com
1890,http://www.wowuxi.com
1891,http://www.yzsc.net
1892,http://www.changaikang.com
1893,http://www.sohu.com
1894,http://www.wlgy.com
1895,http://www.hfymbz.com
1896,http://www.xfrb.com.cn
1897,http://www.yaqinz.com
1898,http://www.jxdfam.com
1899,http://www.juedui100.com
1900,http://www.voiceofgame.com
1901,http://www.wangming.cc
1902,http://www.jfw51.com
1903,http://www.qqad2.com
1904,http://www.xapai.com
1905,http://www.pe8.com
1906,http://www.6320.com
1907,http://www.tkwlgzs.top
1908,http://www.bosch-home.cn
1909,http://www.wanbeijia.com
1910,http://www.315hyw.com
1911,http://www.51ydgy.com
1912,http://www.xinhuanet.com
1913,http://www.wanmeijiaqi.com
1914,http://www.gewailink.com
1915,http://www.people.com.cn
1916,http://www.newgxu.cn
1917,http://www.matlabsky.com
1918,http://www.ybh-china.com
1919,http://www.honghonghu.com
1920,http://www.taoyephoto.com
1921,http://www.heinfo.gov.cn
1922,http://www.xpublix.com
1923,http://www.sgmfw.com
1924,http://www.xtools.cn
1925,http://www.jclyco.com
1926,http://www.gubcn.com
1927,http://www.seraphzone.com
1928,http://www.gaoxuezhiw.com
1929,http://www.emperorstrong.com
1930,http://www.xxbrc.com
1931,http://www.xiaoshouyi.com
1932,http://www.xhwj888.com
1933,http://www.shangmeng.net
1934,http://www.kzcrc.com
1935,http://www.qdmeiyu.com
1936,http://www.www1188hucom4.cc
1937,http://www.gzdpc.gov.cn
1938,http://www.yznu.cn
1939,http://www.twsp8.com
1940,http://www.ycsd.cn
1941,http://www.fcjyw.org
1942,http://www.gldjc.com
1943,http://www.baihui.com
1944,http://www.48789.com
1945,http://www.yqsd.cn
1946,http://www.tianyabagua.cn
1947,http://www.tmall.com
1948,http://www.686u.cn
1949,http://www.inke.cn
1950,http://www.llaba.com
1951,http://www.beibei.com
1952,http://www.chushou.tv
1953,http://www.quanto2o.com
1954,http://www.mengyadianying.com
1955,http://www.gs5c.com
1956,http://www.jincankatong.com
1957,http://www.join0594.com
1958,http://www.bobo.com
1959,http://www.zcmdw.com
1960,http://www.hljtmt.com
1961,http://www.szhk.com
1962,http://www.xuqihang.cc
1963,http://www.airuixincq.com
1964,http://www.yzh-cellar.com
1965,http://www.rrmj.tv
1966,http://www.huifu-asset.com
1967,http://www.zcxj.com.cn
1968,http://www.ekto.cn
1969,http://www.smartdecor.cn
1970,http://www.sunonghuangjian.com
1971,http://www.smremai.com
1972,http://www.npedi.com
1973,http://www.xbcm.org
1974,http://www.tengxunyu.com
1975,http://www.scxt.net
1976,http://www.xiao-l.com
1977,http://www.xf-td.com
1978,http://www.www586809.com
1979,http://www.www333scsc.com
1980,http://www.3jgo.com
1981,http://www.xf-td.com
1982,http://www.www586809.com
1983,http://www.www333scsc.com
1984,http://www.3jgo.com
1985,http://www.hfjs168.com
1986,http://www.dxgh.cn
1987,http://www.zhtkys.com
1988,http://www.ozhal.com.cn
1989,http://www.2wgw.com
1990,http://www.htjr156.com
1991,http://www.hnjycs.com
1992,http://www.zxjyjx.cn
1993,http://www.8pig.com
1994,http://www.win007.com
1995,http://www.cstong.net
1996,http://www.gdvson.cn
1997,http://www.z1qa.com
1998,http://www.ttpaihang.com
1999,http://www.hnrunfang.com
2000,http://www.w010w.com.cn