rank,name,link
1,百度,www.baidu.com
2,腾讯网,qq.com
3,知乎,zhihu.com
4,网易,163.com
5,新浪网,sina.com.cn
6,搜狐,sohu.com
7,豆瓣,douban.com
8,优酷网,youku.com
9,CSDN,csdn.net
10,中关村在线,zol.com.cn
11,哔哩哔哩弹幕视频网,bilibili.com
12,好搜,so.com
13,CSDN博客,blog.csdn.net
14,搜狗,sogou.com
15,阿里巴巴1688,1688.com
16,豆瓣电影,movie.douban.com
17,知乎专栏,zhuanlan.zhihu.com
18,京东商城,jd.com
19,爱奇艺,iqiyi.com
20,东方财富网,eastmoney.com
21,凤凰网,ifeng.com
22,新浪微博,weibo.com
23,58同城 ,58.com
24,腾讯视频,v.qq.com
25,2345网址导航,2345.com
26,搜狐视频,tv.sohu.com
27,本地宝,bendibao.com
28,3DMGAME,3dmgame.com
29,汽车之家,autohome.com.cn
30,酷狗音乐,kugou.com
31,太平洋汽车网,pcauto.com.cn
32,携程旅行网,ctrip.com
33,喜马拉雅FM,ximalaya.com
34,华律网,66law.cn
35,中国天气网,weather.com.cn
36,天气网,tianqi.com
37,汉典,zdic.net
38,电视猫,tvmao.com
39,人民网,people.com.cn
40,39健康网,39.net
41,电影网,1905.com
42,无忧考网,51test.net
43,搜狐新闻,news.sohu.com
44,出国留学网,liuxue86.com
45,苹果官方网站,apple.com
46,起点中文网,qidian.com
47,微软必应搜索,bing.com
48,LOFTER,lofter.com
49,QQ音乐,y.qq.com
50,必应,cn.bing.com
51,晋江文学城,jjwxc.net
52,IP地址查询,ip138.com
53,微信公众平台,mp.weixin.qq.com
54,应届毕业生求职网,www.yjbys.com
55,豌豆荚,wandoujia.com
56,中学语文教学资源网,ruiwen.com
57,律图,64365.com
58,快递100,kuaidi100.com
59,爱词霸,iciba.com
60,高三网,gaosan.com
61,360安全中心,360.cn
62,金投网,cngold.org
63,2345天气预报,tianqi.2345.com
64,大学生必备网,dxsbb.com
65,中国竞彩网,sporttery.cn
66,搜狐娱乐,yule.sohu.com
67,中国大学网,unjs.com
68,腾讯读书,book.qq.com
69,小红书,xiaohongshu.com
70,西瓜视频,www.ixigua.com
71,排行榜123网,phb123.com
72,抖音短视频,www.douyin.com
73,红袖添香,hongxiu.com
74,CCTV节目官网,tv.cctv.com
75,中国体彩网,lottery.gov.cn
76,中国福彩网,cwl.gov.cn
77,爱查快递,ickd.cn
78,有途网,ccutu.com
79,起名网,yw11.com
80,虎扑体育,hupu.com
81,淘宝网,taobao.com
82,站长之家,chinaz.com
83,4399小游戏,4399.com
84,太平洋电脑网,pconline.com.cn
85,游侠网,ali213.net
86,有道,youdao.com
87,游民星空,gamersky.com
88,国家税务总局,chinatax.gov.cn
89,乐彩网,17500.cn
90,豆丁文库,docin.com
91,车主指南,icauto.com.cn
92,博客园,cnblogs.com
93,东方财富行情中心,quote.eastmoney.com
94,中华网,china.com
95,3D之家,ssqzj.com
96,360doc个人图书馆,360doc.com
97,优游网_,yoyou.com
98,海词词典,dict.cn
99,18183,18183.com
100,酷我音乐,kuwo.cn
101,360doc个人图书馆,360doc.cn
102,新浪财经,finance.sina.com.cn
103,沪江网,hujiang.com
104,道客巴巴,doc88.com
105,买购网,maigoo.com
106,周公解梦,zgjm.org
107,简书,jianshu.com
108,彩宝贝,78500.cn
109,网易应用中心,m.163.com
110,有问必答网,120ask.com
111,华军软件园,onlinedown.net
112,360影视,360kan.com
113,查字典,www.chazidian.com
114,腾讯,tencent.com
115,中国知网,cnki.net
116,华为,huawei.com
117,中华网新闻频道,news.china.com
118,什么值得买,smzdm.com
119,乐视网,le.com
120,微软官网,www.microsoft.com
121,飞卢中文网,faloo.com
122,前程无忧,51job.com
123,中公教育网,offcn.com
124,谷歌中国,google.cn
125,虎牙直播,huya.com
126,搜房网房天下,fang.com
127,中国教育考试网,neea.edu.cn
128,牛彩网,cz89.com
129,超星网,chaoxing.com
130,华图教育官网,huatu.com
131,爱站网,aizhan.com
132,千篇网,qianp.com
133,广东省人民政府门户网站,gd.gov.cn
134,脚本之家,jb51.net
135,九游手机网游,9game.cn
136,中国日报网,chinadaily.com.cn
137,安居客,anjuke.com
138,深圳政府在线,sz.gov.cn
139,顺丰快递官网,sf-express.com
140,8684公交网,8684.cn
141,QQ邮箱,mail.qq.com
142,500彩票网,500.com
143,澎湃新闻,thepaper.cn
144,雪球,xueqiu.com
145,顺企商务网,11467.com
146,蚂蜂窝,mafengwo.cn
147,中国新闻网,chinanews.com
148,中国广播网,cnr.cn
149,第一范文网,diyifanwen.com
150,央视网,cntv.cn
151,逗游网,doyo.cn
152,中国供应商,china.cn
153,新华网,xinhuanet.com
154,中关村在线报价查询频道,detail.zol.com.cn
155,找法网,findlaw.cn
156,和讯网,hexun.com
157,中国网,china.com.cn
158,多多软件站,ddooo.com
159,Alibaba国际站,alibaba.com
160,闽南网,mnw.cn
161,东方财富网股吧,guba.eastmoney.com
162,学习啦,xuexila.com
163,搜狐体育,sports.sohu.com
164,欣欣旅游网,cncn.com
165,黄页88网,huangye88.com
166,去哪儿,qunar.com
167,苹果官网,apple.com.cn
168,图吧,mapbar.com
169,中央气象台网,nmc.cn
170,猫眼电影,maoyan.com
171,东坡下载,uzzf.com
172,网易云音乐,music.163.com
173,当易网 ,downyi.com
174,绿色资源网,downcc.com
175,小站教育,zhan.com
176,语文迷,yuwenmi.com
177,华为手机官网,consumer.huawei.com
178,苏宁易购,suning.com
179,好大夫在线,haodf.com
180,北京天气预报,beijing.tianqi.com
181,2265安卓网,2265.com
182,中国足彩网,zgzcw.com
183,中国研究生招生信息网,yz.chsi.com.cn
184,Hao123,hao123.com
185,装修123网,zx123.cn
186,齐家网,jia.com
187,谷歌中国,google.com.hk
188,纵横中文网,zongheng.com
189,职友集,jobui.com
190,新东方在线,koolearn.com
191,澳客彩票网,okooo.com
192,游久网,uuu9.com
193,e书联盟,book118.com
194,5068儿童网,5068.com
195,17173,17173.com
196,百分网,oh100.com
197,第1星座,d1xz.net
198,央视网体育频道,sports.cctv.com
199,希财网,csai.cn
200,大众网,dzwww.com
201,楼盘网,loupan.com
202,中国教育在线,eol.cn
203,米胖网,mipang.com
204,河南省人民政府门户网站,henan.gov.cn
205,新片场,xinpianchang.com
206,太平洋亲子网,pcbaby.com.cn
207,国际在线,cri.cn
208,法律快车,lawtime.cn
209,中国邮政速递物流,ems.com.cn
210,漫漫看,manmankan.com
211,潇湘书院,xxsy.net
212,企查查,qcc.com
213,腾讯客服,kf.qq.com
214,99健康网,99.com.cn
215,天眼查,tianyancha.com
216,搜狗百科,baike.sogou.com
217,163网易免费邮,mail.163.com
218,二手车之家,che168.com
219,卜易居,buyiju.com
220,什么值得买的值客原创频道,post.smzdm.com
221,淘股吧,taoguba.com.cn
222,幼儿学习网,jy135.com
223,乐乐课堂,leleketang.com
224,中彩网,zhcw.com
225,天极网,yesky.com
226,卡车之家,360che.com
227,CN人才网,cnrencai.com
228,飞华健康网,fh21.com.cn
229,南方财富网,southmoney.com
230,豆瓣读书,book.douban.com
231,支付宝,alipay.com
232,搜搜,soso.com
233,奥迅球探网,titan007.com
234,健康界,cn-healthcare.com
235,A 医学百科,a-hospital.com
236,PC6下载站,pc6.com
237,07073游戏网,07073.com
238,下载之家软件站,downza.cn
239,ROM之家官网,romzhijia.net
240,一听音乐网,1ting.com
241,精英家教网,1010jiajiao.com
242,言情小说吧,xs8.cn
243,搜狐财经,business.sohu.com
244,素材公社,tooopen.com
245,阿里云,aliyun.com
246,健客网,jianke.com
247,零二七艺考,027art.com
248,4399手机游戏网,4399.cn
249,当下软件园,downxia.com
250,智联招聘,zhaopin.com
251,河北新闻网,hebnews.cn
252,PPTV,pptv.com
253,今日头条,toutiao.com
254,猎聘网,liepin.com
255,搜狐科技,it.sohu.com
256,惠农网,cnhnb.com
257,学科网,zxxk.com
258,飞卢小说网,b.faloo.com
259,央视网新闻中心,news.cctv.com
260,新航道,xhd.cn
261,中国品牌网,chinapp.com
262,新浪新闻,news.sina.com.cn
263,腾牛网,qqtn.com
264,应用宝官网,sj.qq.com
265,历趣,liqucn.com
266,学信网,www.chsi.com.cn
267,虎扑体育论坛,bbs.hupu.com
268,steam官网,store.steampowered.com
269,千图网,58pic.com
270,126网易免费邮,126.com
271,昵图网,nipic.com
272,链家网,lianjia.com
273,携程旅游攻略,you.ctrip.com
274,电脑之家,pchome.net
275,中国人事考试网,cpta.com.cn
276,太平洋电脑网IT产品报价库,product.pconline.com.cn
277,大众养生网,cndzys.com
278,列表网,liebiao.com
279,范文先生网,fwsir.com
280,开源中国 ,oschina.net
281,爱卡汽车,xcar.com.cn
282,测速网,speedtest.cn
283,WPS Office官方网站,wps.cn
284,光明网,gmw.cn
285,高德地图,amap.com
286,微信,weixin.qq.com
287,个人简历网,gerenjianli.com
288,太平洋汽车网汽车报价,price.pcauto.com.cn
289,56网,www.56.com
290,彩吧助手,55128.cn
291,7k7k小游戏大全,7k7k.com
292,孔夫子旧书网,kongfz.com
293,搜狐教育,learning.sohu.com
294,中国青年网,youth.cn
295,七度苹果网,7do.net
296,摄图网,699pic.com
297,星座屋,xzw.com
298,MBA智库,mbalib.com
299,9k9k网页游戏,9k9k.com
300,证券之星,stockstar.com
301,BOSS直聘,www.zhipin.com
302,人人文库,renrendoc.com
303,婚礼纪,hunliji.com
304,56114物流查询网,56114.net.cn
305,中国经济网,ce.cn
306,芒果TV,mgtv.com
307,下厨房,xiachufang.com
308,春雨医生,chunyuyisheng.com
309,2345软件大全,duote.com
310,非凡软件站,crsky.com
311,亚马逊中国官网,amazon.cn
312,中华养生网,cnys.com
313,寻医问药,xywy.com
314,中国制造网,made-in-china.com
315,电子发烧友,elecfans.com
316,化学信息搜索,chemicalbook.com
317,刷机之家,shuajizhijia.net
318,新浪体育,sports.sina.com.cn
319,网站排行榜,top.chinaz.com
320,吉屋网,jiwu.com
321,三星电子,samsung.com
322,惠普官方网站,hp.com
323,观察者网,guancha.cn
324,阿里钉钉,dingtalk.com
325,中华人民共和国教育部,moe.gov.cn
326,中国体育彩票竞猜游戏官方信息发布平台,info.sporttery.cn
327,驱动之家,mydrivers.com
328,美团,meituan.com
329,汽车之家汽车报价,car.autohome.com.cn
330,NGA玩家社区 ,nga.cn
331,联想中国,lenovo.com.cn
332,东方财富网数据频道,data.eastmoney.com
333,系统之家官网,xitongzhijia.net
334,搜了网,51sole.com
335,北京市政务门户网站,www.beijing.gov.cn
336,51CTO,51cto.com
337,当当网,dangdang.com
338,凤凰资讯,news.ifeng.com
339,中国建设银行,ccb.com
340,中国移动通信集团公司,www.10086.cn
341,浙江省人民政府,zj.gov.cn
342,鬼吹灯全集在线阅读,cxbz958.com
343,小米网,www.mi.com
344,有道翻译,fanyi.youdao.com
345,动漫屋,dm5.com
346,52PK游戏网,52pk.com
347,中国科学技术大学,ustc.edu.cn
348,无忧无虑中学语文网,5156edu.com
349,游迅网,yxdown.com
350,北京大学,pku.edu.cn
351,2345天气王,waptianqi.2345.com
352,共产党员网,12371.cn
353,八九网,bajiu.cn
354,当游网,3h3.com
355,东奥会计在线,dongao.com
356,MBA智库百科,wiki.mbalib.com
357,中国银行官网,www.boc.cn
358,IP地址查询,qq.ip138.com
359,红动中国,redocn.com
360,5577我机网,5577.com
361,中国商务部网站,mofcom.gov.cn
362,搜狐历史,history.sohu.com
363,站长素材,sc.chinaz.com
364,博雅旅游网,bytravel.cn
365,007小游戏,yx007.com
366,迅雷看看,xunlei.com
367,中国电信网上营业厅,www.189.cn
368,新东方,xdf.cn
369,中国工商银行,www.icbc.com.cn
370,看准网,kanzhun.com
371,中国铁路客户服务中心,www.12306.cn
372,中华人民共和国国家统计局,stats.gov.cn
373,完美世界,wanmei.com
374,中华人民共和国人力资源和社会保障部,mohrss.gov.cn
375,高顿网校,gaodun.com
376,哔哩哔哩游戏中心,biligame.com
377,东北网,dbw.cn
378,重庆市政府网,cq.gov.cn
379,AcFun弹幕视频网,www.acfun.cn
380,堆糖网,duitang.com
381,中国农业银行官网,www.abchina.com
382,新浪娱乐,ent.sina.com.cn
383,第一PPT,1ppt.com
384,下载吧,xiazaiba.com
385,国家公务员局,scs.gov.cn
386,中国彩吧,55125.cn
387,IT猫扑网,itmop.com
388,红网,rednet.cn
389,复旦大学,fudan.edu.cn
390,红警之家游戏网,uc129.com
391,哔哩哔哩弹幕视频网 ,space.bilibili.com
392,太平洋下载网,www.pcsoft.com.cn
393,天津政务网,tj.gov.cn
394,中国军网,81.cn
395,I'm QQ,im.qq.com
396,伊秀女性网,yxlady.com
397,中国信鸽信息网,chinaxinge.com
398,公务员之家,gwyoo.com
399,我的钢铁网,mysteel.com
400,中财网,cfi.cn
401,万隆证券网,wlstock.com
402,凤凰视频,v.ifeng.com
403,腕表之家,xbiao.com
404,熊猫办公,www.tukuppt.com
405,中国广州政府门户网站,gz.gov.cn
406,东方网,eastday.com
407,华南理工大学,scut.edu.cn
408,网易视频,v.163.com
409,中青在线,cyol.com
410,中国江西省人民政府,jiangxi.gov.cn
411,Microsoft 支持,support.microsoft.com
412,vivo官网,vivo.com.cn
413,系统城,xitongcheng.com
414,金融界,jrj.com.cn
415,微博搜索,s.weibo.com
416,中央纪委监察部网站,www.ccdi.gov.cn
417,快看漫画,kuaikanmanhua.com
418,Linux公社,linuxidc.com
419,直播吧,zhibo8.cc
420,紫一健康保健品商城,ziyimall.com
421,重庆晨报官方网站,cqcb.com
422,算命先生网,smxs.com
423,千库网,588ku.com
424,我爱卡,51credit.com
425,扎客,myzaker.com
426,圆通快递官网,yto.net.cn
427,界面新闻,jiemian.com
428,查查在线词典,ichacha.net
429,土巴兔装修网,to8to.com
430,北方网,enorth.com.cn
431,51贴图网,51tietu.net
432,每经网,nbd.com.cn
433,重庆大学,cqu.edu.cn
434,游戏狗手机游戏网,gamedog.cn
435,腾讯体育,sports.qq.com
436,中国人民银行,www.pbc.gov.cn
437,短美文网,duanmeiwen.com
438,相约久久旅游网,meet99.com
439,XY苹果助手官网,xyzs.com
440,中国平安保险,pingan.com
441,申通快递,sto.cn
442,极速漫画,1kkk.com
443,大东女鞋 ,ddnx.com
444,易安居算命网,zhouyi.cc
445,博雅地名网,tcmap.com.cn
446,搜狐文化,cul.sohu.com
447,海南省人民政府网,hainan.gov.cn
448,闪靓童网,cnfla.com
449,南方网,southcn.com
450,叶子猪游戏网,yzz.cn
451,热血传奇-官方正版传奇手游,mir.qq.com
452,一起装修网,17house.com
453,菜鸟教程,runoob.com
454,UC浏览器官方网站,uc.cn
455,吉林省人民政府门户网站,jl.gov.cn
456,湖南省人民政府,www.hunan.gov.cn
457,OPPO手机官网,oppo.com
458,中华人民共和国民政部,mca.gov.cn
459,映象网,hnr.cn
460,中国人大网,npc.gov.cn
461,IT168,it168.com
462,花生壳官网,oray.com
463,医学教育网,med66.com
464,齐鲁网,iqilu.com
465,腾讯动漫,ac.qq.com
466,四川省人民政府,www.sc.gov.cn
467,爱换网,poppur.com
468,中国烟草网,cnxiangyan.com
469,百姓健康网,jiankang.com
470,六图网,16pic.com
471,中国卫生人才网,21wecan.com
472,公安部交通安全综合服务管理平台,122.gov.cn
473,理想股票论坛,55188.com
474,腾讯软件中心,pc.qq.com
475,阿里巴巴商务搜索,s.1688.com
476,交易猫,jiaoyimao.com
477,妈妈网,mama.cn
478,51CTO技术博客,blog.51cto.com
479,中华美食网,zhms.cn
480,燕赵人才网,yanzhaorc.com
481,豆果网,douguo.com
482,中国人民银行征信中心,pbccrc.org.cn
483,卡饭网,kafan.cn
484,游久DOTA专题站,dota.uuu9.com
485,起点女生网,qdmm.com
486,中国气象网,cma.gov.cn
487,5ND音乐网,5nd.com
488,中华康网,cnkang.com
489,凤凰娱乐,ent.ifeng.com
490,神马搜索,sm.cn
491,游戏鸟,youxiniao.com
492,中国上海,shanghai.gov.cn
493,大河网,dahe.cn
494,新浪科技,tech.sina.com.cn
495,电影天堂,dy2018.com
496,蜻蜓fm,qingting.fm
497,会计网,kuaiji.com
498,沪江英语,hjenglish.com
499,中华人民共和国司法部,moj.gov.cn
500,电视游戏第一站,gamehome.tv
501,邮编库,youbianku.com
502,奔驰中国官网,mercedes-benz.com.cn
503,中国法院网,chinacourt.org
504,289掌游网,289.com
505,九酷音乐网,9ku.com
506,中国考研网,chinakaoyan.com
507,跑跑车游戏网,paopaoche.net
508,我图网,ooopic.com
509,云南省人民政府门户网站,yn.gov.cn
510,Minecraft中文下载站,minecraftxz.com
511,站酷,zcool.com.cn
512,3DMGAME论坛,bbs.3dmgame.com
513,汉辞网,hydcd.com
514,作文吧,zuowen8.com
515,捷报比分网,nowscore.com
516,解放牛网,jfdaily.com
517,可可英语,kekenet.com
518,QQ资料库,onegreen.net
519,车主之家,16888.com
520,同花顺股票,stock.10jqka.com.cn
521,天极下载,mydown.yesky.com
522,四川省教育考试院,sceea.cn
523,973游戏网,973.com
524,中国站长之家,webmasterhome.cn
525,Adobe,www.adobe.com
526,Oracle 官网,oracle.com
527,央视网视频,tv.cntv.cn
528,搜狐证券-行情中心,q.stock.sohu.com
529,证券时报网,stcn.com
530,6间房,6.cn
531,联邦快递,www.fedex.com
532,希赛网,educity.cn
533,天天基金网,1234567.com.cn
534,好网角网络收藏夹,wang1314.com
535,途牛旅游网,tuniu.com
536,中国科学院,cas.cn
537,中国教师资格网,jszg.edu.cn
538,焦点房地产网,focus.cn
539,齐装网,qizuang.com
540,爱彩网,aicai.com
541,w3school 在线教程,w3school.com.cn
542,江苏省教育考试院,jseea.cn
543,万方数据知识服务平台,wanfangdata.com.cn
544,Mtime时光网,mtime.com
545,麦块,mckuai.com
546,DHL,dhl.com
547,中国教师网,zgjsks.com
548,TP-LINK官方网站,tp-link.com.cn
549,和讯外汇,forex.hexun.com
550,亚马逊官方网站,www.amazon.com
551,有道词典,dict.youdao.com
552,K73电玩之家,k73.com
553,中国物通网,chinawutong.com
554,天齐网,800820.net
555,ASUS,asus.com.cn
556,雅思考试中文官方网站,chinaielts.org
557,海尔官网,www.haier.com
558,中信金融网,ecitic.com
559,AliExpress,aliexpress.com
560,火狐浏览器,mozilla.org
561,动漫之家,dmzj.com
562,盛大在线,sdo.com
563,360公司,360.com
564,IT之家,ithome.com
565,178游戏网,178.com
566,浙江政务服务网,zjzwfw.gov.cn
567,美食天下,meishichina.com
568,词典网,www.cidianwang.com
569,河源下载站 ,xz7.com
570,携程酒店酒店预订,hotels.ctrip.com
571,36氪,36kr.com
572,高考网,gaokao.com
573,街机中国,mamecn.com
574,英雄联盟官方网站,lol.qq.com
575,4399游戏资讯,news.4399.com
576,yy语音,yy.com
577,北京新航道官网,bj.xhd.cn
578,同花顺金融网个股频道,stockpage.10jqka.com.cn
579,图行天下图库,photophoto.cn
580,中国苏州,www.suzhou.gov.cn
581,大公网,takungpao.com
582,韵达快递官方网站,yundaex.com
583,搜狐军事频道,mil.sohu.com
584,快手,kuaishou.com
585,智能电视网,znds.com
586,同花顺财经新闻频道,news.10jqka.com.cn
587,彼岸桌面,netbian.com
588,全国普通话培训测试信息资源网,cltt.org
589,塔读文学网,tadu.com
590,大众点评网,www.dianping.com
591,中华人民共和国工业和信息化部,miit.gov.cn
592,太平洋家居网,pchouse.com.cn
593,3D溜溜网,3d66.com
594,NBA官方网站,nba.com
595,小说阅读网,readnovel.com
596,招商银行,www.cmbchina.com
597,财新网,caixin.com
598,懒人图库,lanrentuku.com
599,凤凰网时尚,fashion.ifeng.com
600,考试资料网,ppkao.com
601,浙江卫视,zjstv.com
602,神奇宝贝百科,wiki.52poke.com
603,华为商城,vmall.com
604,网侠手机站 ,hackhome.com
605,中国教育在线高考服务平台,gaokao.eol.cn
606,无敌汽车网,modiauto.com.cn
607,中国珠海,zhuhai.gov.cn
608,深圳新闻网,www.sznews.com
609,非常运势网,99166.com
610,《崩坏学园2》官方网站,mihoyo.com
611,三国杀官方网站,sanguosha.com
612,天气网万年历,wannianli.tianqi.com
613,5173,5173.com
614,爱平乡,aipingxiang.com
615,网易免费邮箱 ,email.163.com
616,虎嗅网,huxiu.com
617,百姓网,baixing.com
618,西部数码,west.cn
619,唯品会,vip.com
620,应届生求职网,yingjiesheng.com
621,福建师范大学,fjnu.edu.cn
622,BMW中国官网,bmw.com.cn
623,中金在线,cnfol.com
624,中考网,zhongkao.com
625,中国大学MOOC(慕课),icourse163.org
626,一财网,yicai.com
627,河南网络电视台（大象网）,hntv.tv
628,联合早报,zaobao.com
629,会计学堂,acc5.com
630,凤凰财经,finance.ifeng.com
631,维普网,cqvip.com
632,中华会计网校,chinaacc.com
633,腾讯游戏频道,games.qq.com
634,中国电信天翼云,ctyun.cn
635,新蓝网,cztv.com
636,吾爱破解论坛,52pojie.cn
637,IBM前程无忧官方招聘网站,jobs.51job.com
638,全国征兵网,gfbzb.gov.cn
639,昵图网素材图库,soso.nipic.com
640,中国收藏热线,997788.com
641,湖北省人民政府门户网站,hubei.gov.cn
642,深港在线,szhk.com
643,马鞍山OK论坛,masok.cn
644,国家电网公司,sgcc.com.cn
645,烟悦网,yanyue.cn
646,360星座,xingzuo360.cn
647,觅知,www.51miz.com
648,金羊网,ycwb.com
649,王者荣耀,pvp.qq.com
650,食品商务网,21food.cn
651,快吧游戏,kuai8.com
652,投资界,pedaily.cn
653,Colg沃特碧游戏门户,colg.cn
654,食品伙伴网,foodmate.net
655,上海证券交易所,sse.com.cn
656,蒲城教育网,puchedu.cn
657,国家自然科学基金委员会,nsfc.gov.cn
658,应用汇,appchina.com
659,苹果绿养生网,pingguolv.com
660,PayPal 中国,paypal.com
661,凤凰网科技,tech.ifeng.com
662,中国科学院大学,ucas.ac.cn
663,中国政府采购网,ccgp.gov.cn
664,中国国际航空公司,airchina.com.cn
665,可圈可点组卷网,cooco.net.cn
666,金山逍遥,xoyo.com
667,电子产品世界,eepw.com.cn
668,世纪佳缘,jiayuan.com
669,华医网,91huayi.com
670,PPS网络电视官方网站,pps.tv
671,地下城与勇士（DNF)官方网站,dnf.qq.com
672,缤客,booking.com
673,丁香园,dxy.cn
674,天猫,www.tmall.com
675,UPS快递,ups.com
676,色影无忌,xitek.com
677,四川大学,scu.edu.cn
678,北极星电力网,bjx.com.cn
679,3839小游戏,3839.com
680,中国证券投资基金业协会,amac.org.cn
681,蜂鸟网,fengniao.com
682,仪器信息网,instrument.com.cn
683,nike官网,nike.com
684,VJ师视频素材网,vjshi.com
685,MIUI官方网站,miui.com
686,咪咕音乐,migu.cn
687,西安市人民政府网,xa.gov.cn
688,四川在线,scol.com.cn
689,华数TV网,wasu.cn
690,易车网,bitauto.com
691,中国南京,nanjing.gov.cn
692,安粉丝,anfensi.com
693,美图网,meitu.com
694,海外网,haiwainet.cn
695,911查,911cha.com
696,佛山市政府网,foshan.gov.cn
697,汽车之家汽车论坛,club.autohome.com.cn
698,特斯拉中国官网,tesla.cn
699,北京交通大学,bjtu.edu.cn
700,新网,xinnet.com
701,天气后报,tianqihoubao.com
702,DD373游戏交易平台,dd373.com
703,懂球帝,dongqiudi.com
704,在线标准北京时间校对,beijing-time.org
705,Microsoft Office 帮助与培训,support.office.com
706,青云在线翻译网,zaixian-fanyi.com
707,华声在线,voc.com.cn
708,安徽省教育招生考试院,ahzsks.cn
709,电气自动化技术网,dqjsw.com.cn
710,杭州网,hangzhou.com.cn
711,中华人民共和国住房和城乡建设部,www.mohurd.gov.cn
712,火影忍者Online官方网站,huoying.qq.com
713,九游手机网游,a.9game.cn
714,592招聘网,job592.com
715,佳能（中国）,www.canon.com.cn
716,365地产家居,house365.com
717,日历网,rili.com.cn
718,英为财情,cn.investing.com
719,携程机票,flights.ctrip.com
720,中国美容美体网,ilife.cn
721,大疆创新官网,dji.com
722,世纪天成,tiancity.com
723,中国合肥政府门户网,hefei.gov.cn
724,教育联展网,thea.cn
725,中国作家网,chinawriter.com.cn
726,英特尔,intel.com
727,中国原创音乐基地,5sing.kugou.com
728,中国南方航空,csair.com
729,海康威视,hikvision.com
730,中国石化,sinopec.com
731,叩富网,cofool.com
732,爱思助手官网,i4.cn
733,千里马招标网,qianlima.com
734,东北大学,neu.edu.cn
735,分析测试百科网,antpedia.com
736,云南网,yunnan.cn
737,家庭医生在线,familydoctor.com.cn
738,山西招生考试网,sxkszx.cn
739,彩经网,cjcp.com.cn
740,考研网,kaoyan.com
741,穿越火线官方网站,cf.qq.com
742,Xbox 官方网站,xbox.com
743,畅捷通,chanjet.com
744,中国山东,www.shandong.gov.cn
745,特玩游戏网,www.te5.com
746,我图网素材搜索,so.ooopic.com
747,前瞻网,qianzhan.com
748,中国东莞政府门户网站,dg.gov.cn
749,同程网,ly.com
750,中国会计视野,esnai.com
751,虎扑NBA中文网,nba.hupu.com
752,东方财富网财经频道,finance.eastmoney.com
753,快科技新闻中心,news.mydrivers.com
754,荆楚网,cnhubei.com
755,K366华易网,k366.com
756,清华大学,www.tsinghua.edu.cn
757,人大经济论坛,pinggu.org
758,知网空间,cnki.com.cn
759,中国宁波网,cnnb.com.cn
760,盖德化工网,china.guidechem.com
761,中华人民共和国科学技术部,most.gov.cn
762,找法网,china.findlaw.cn
763,19楼,19lou.com
764,汽车时代网,autotimes.com.cn
765,中国证券业协会网,sac.net.cn
766,中国农业大学,cau.edu.cn
767,中华人民共和国农业部,moa.gov.cn
768,在线英语听力室,tingroom.com
769,中华人民共和国最高人民法院,www.court.gov.cn
770,千龙网,qianlong.com
771,名站在线,fwol.cn
772,新浪博客,blog.sina.com.cn
773,酷家乐,kujiale.com
774,深圳房地产信息网,szhome.com
775,51游戏,51.com
776,股城网,gucheng.com
777,腾讯云,cloud.tencent.com
778,齐家资讯,zixun.jia.com
779,奥鹏教育,open.com.cn
780,中国宁波政府门户网站,ningbo.gov.cn
781,京报网,bjd.com.cn
782,超好玩,18touch.com
783,Wed114结婚网,wed114.cn
784,有赞,youzan.com
785,中国化工仪器网,chem17.com
786,草料二维码生成器,cli.im
787,超能网,expreview.com
788,智慧树,zhihuishu.com
789,厦门网,xmnn.cn
790,美的集团,midea.com
791,21世纪教育网,21cnjy.com
792,华商网,hsw.cn
793,中国石油大学(华东),upc.edu.cn
794,广西人才网,gxrc.com
795,Win7系统之家,www.winwin7.com
796,路易威登（lv）官网,louisvuitton.com
797,天气网时差频道,time.tianqi.com
798,国家公务员考试网,chinagwy.org
799,SF互动传媒网,sfacg.com
800,中国邮政网,chinapost.com.cn
801,国家教育资源公共服务平台,eduyun.cn
802,零五网,05wang.com
803,bilibili生放送,live.bilibili.com
804,中国注册会计师协会,cicpa.org.cn
805,生意社,100ppi.com
806,学信网,account.chsi.com.cn
807,NVIDIA公司官网,nvidia.cn
808,中国杭州,www.hangzhou.gov.cn
809,爱普生(中国)有限公司,epson.com.cn
810,在线查询网,supfree.net
811,蒲公英,pgyer.com
812,源码之家,mycodes.net
813,99.com数字娱乐门户,99.com
814,在线繁体字转换工具,aies.cn
815,济南市政府门户网站,jinan.gov.cn
816,网络中国实用工具查询,tool.httpcn.com
817,微店,weidian.com
818, 游戏爱好者,golue.com
819,深圳证券交易所,szse.cn
820,穷游网,qyer.com
821,山东省教师教育网,qlteacher.com
822,秀米 ,xiumi.us
823,微星官网,msi.com
824,在线新华字典,xh.5156edu.com
825,博客中国,blogchina.com
826,北京教育考试院,bjeea.cn
827,手机中国,cnmo.com
828,智房网,zhifang.com
829,证监会,www.csrc.gov.cn
830,吉利汽车官网,geely.com
831,挂号网,guahao.com
832,广西新闻网,gxnews.com.cn
833,中华隆取名网,qihaoming.com.cn
834,珍爱网,zhenai.com
835,银行招聘网,yinhangzhaopin.com
836,租租车,zuzuche.com
837,3DMGAME下载站,dl.3dmgame.com
838,中关村下载,xiazai.zol.com.cn
839,华东理工大学,ecust.edu.cn
840,土木工程网,co188.com
841,土流网,tuliu.com
842,中工网,workercn.cn
843,雨果网,cifnews.com
844,中华人民共和国财政部,www.mof.gov.cn
845,中华人民共和国海事局,msa.gov.cn
846,重庆购物狂,cqmmgo.com
847,丁香医生,dxy.com
848,常州市政府门户网站,changzhou.gov.cn
849,597厦门人才网,597.com
850,我爱我家网,5i5j.com
851,多特单机游戏,duotegame.com
852,NAVER,naver.com
853,江苏省人民政府,www.jiangsu.gov.cn
854,皮皮作文网,ppzuowen.com
855,中国石油大学,cup.edu.cn
856,香奈儿官方网站,chanel.com
857,华强电子网,hqew.com
858,中国会计网,canet.com.cn
859,聚俠网,juxia.com
860,小米云服务,i.mi.com
861,VMware,vmware.com
862,南京航空航天大学,nuaa.edu.cn
863,与非网,eefocus.com
864,高校人才网,www.gaoxiaojob.com
865,美篇,www.meipian.cn
866,酷安网,coolapk.com
867,中国采招网,www.bidcenter.com.cn
868,佛滔算命网,sosuo.name
869,文档投稿赚钱网,max.book118.com
870,iCloud,www.icloud.com
871,263邮箱,263.net
872,中国东方航空,www.ceair.com
873,软众信息,winrar.com.cn
874,360搜索,haosou.com
875,Springer施普林格,springer.com
876,中国民用航空局,caac.gov.cn
877,美食杰,meishij.net
878,重庆购物狂论坛,go.cqmmgo.com
879,LG中国官网,lg.com
880,法语在线辞典,frdic.com
881,微软中国官方商城,microsoftstore.com.cn
882,人大经济论坛,bbs.pinggu.org
883,新京报网,bjnews.com.cn
884,中国武汉,wuhan.gov.cn
885,金蝶软件官网,kingdee.com
886,青岛新闻网,qingdaonews.com
887,谷歌翻译,translate.google.cn
888,浙江教育考试院,zjzs.net
889,快递网,kuaidi.com
890,科学网,sciencenet.cn
891,丁香通,biomart.cn
892,交通银行官网,www.bankcomm.com
893,淘米网,61.com
894,全景图片网,quanjing.com
895,优盘之家,upan.cc
896,中国政协网,www.cppcc.gov.cn
897,粉笔网,fenbi.com
898,罗技,logitech.com.cn
899, 图吧地图中国地图,poi.mapbar.com
900,当贝市场,dangbei.com
901,德邦官方网站,deppon.com
902,TapTap,www.taptap.com
903,78动漫模型玩具 ,78dm.net
904,中信银行信用卡中心官网,creditcard.ecitic.com
905,天天基金网,fund.eastmoney.com
906,人人车,renrenche.com
907,企鹅直播,live.qq.com
908,优设网,uisdc.com
909,娟娟壁纸,jj20.com
910,我要自学网,51zxw.net
911,中国江苏网,jschina.com.cn
912,江苏网络电视台,jstv.com
913,中财网行情中心,quote.cfi.cn
914,第一手游网,diyiyou.com
915,六间房直播,v.6.cn
916,全国专业技术人员资格考试报名服务平台,zg.cpta.com.cn
917,陕西省人民政府门户网站,www.shaanxi.gov.cn
918,Burberry,burberry.com
919,火狐浏览器官网,firefox.com.cn
920,国家医学考试网,nmec.org.cn
921,太平洋保险官网,www.cpic.com.cn
922,清风DJ音乐网,vvvdj.com
923,育路教育,yuloo.com
924,求是理论网,qstheory.cn
925,37游戏,37.com
926,广西壮族自治区人民政府门户网站,www.gxzf.gov.cn
927,江西省教育厅,jxedu.gov.cn
928,国务院国有资产监督管理委员会,sasac.gov.cn
929,U盘启动大师,upanboot.com
930,中通快递,www.zto.com
931,西南大学,swu.edu.cn
932,中国邮政储蓄银行,www.psbc.com
933,淘宝联盟,alimama.com
934,中国光大银行官网,www.cebbank.com
935,智通人才网,job5156.com
936,智学网,zhixue.com
937,招标采购导航网,okcis.cn
938,上海有色网,smm.cn
939,广东广播电视台,gdtv.cn
940,同花顺炒股圈子,t.10jqka.com.cn
941,中国社会科学网,cssn.cn
942,ppt宝藏,pptbz.com
943,中国领事服务网,cs.mfa.gov.cn
944,中国扬州门户网站群,yangzhou.gov.cn
945,快用苹果助手,kuaiyong.com
946,全球加盟网,jiameng.com
947,威锋网,feng.com
948,中公网校,eoffcn.com
949,亿欧网,iyiou.com
950,事业单位招聘网,shiyebian.net
951,牛摩网,newmotor.com.cn
952,中国作文网,t262.com
953,包图网,ibaotu.com
954,燕山大学,ysu.edu.cn
955,浙江人事考试网,zjks.com
956,蜗牛网,woniu.com
957,网络中国生活频道,life.httpcn.com
958,中国证券网,cnstock.com
959,Kvov免费信息发布平台,kvov.com
960,搜狗问问,wenwen.sogou.com
961,中国网信网,cac.gov.cn
962,叩富网同城理财,licai.cofool.com
963,广州天气,tqyb.com.cn
964,连连支付,lianlianpay.com
965,考拉海购,kaola.com
966, CSDN下载频道,download.csdn.net
967,钛媒体,tmtpost.com
968,OPPO互联中心官方网站,oppomobile.com
969,中羽在线网  ,badmintoncn.com
970,中国民生银行官网,www.cmbc.com.cn
971,驾考宝典,jiakaobaodian.com
972,完美天空,wmzhe.com
973,TOM,tom.com
974,大众汽车官网,vw.com.cn
975,沃尔沃汽车官网,www.volvocars.com
976,饿了么,ele.me
977,教师网,hteacher.net
978,设计本,shejiben.com
979,有道词典,cidian.youdao.com
980,960化工网,chem960.com
981,广联达软件股份有限公司,glodon.com
982,巨人网络,ztgame.com
983,巨潮资讯网,cninfo.com.cn
984,Wind资讯,wind.com.cn
985,故宫博物院,dpm.org.cn
986,搜狐美食频道,chihe.sohu.com
987,中国留学网,cscse.edu.cn
988,福建省教育考试院,eeafj.cn
989,淘车网,taoche.com
990,牛客网,nowcoder.com
991,易企秀,eqxiu.com
992,游久网-中国魔兽RPG官方网站,war3.uuu9.com
993,安徽基础教育资源应用平台,www.ahedu.cn
994,雅昌艺术网,artron.net
995,北京链家网,bj.lianjia.com
996,晋江论坛,bbs.jjwxc.net
997,湖南教育网,hnedu.cn
998,查号吧,chahaoba.com
999,我的世界中文论坛,mcbbs.net
1000,中国安徽,www.ah.gov.cn
1001,大洋网,dayoo.com
1002,中国临沂政府,linyi.gov.cn
1003,腾讯财经行情中心,gu.qq.com
1004,搜狐星座,astro.sohu.com
1005,话本小说网,www.ihuaben.com
1006,兴业银行官方网站,www.cib.com.cn
1007,Visual Studio,visualstudio.com
1008,空中网,kongzhong.com
1009,童鞋会,tongxiehui.net
1010,美国LetPub编辑,letpub.com.cn
1011,经济观察网,eeo.com.cn
1012,人民政协网,rmzxb.com.cn
1013,索尼中国官网,sony.com.cn
1014,批改网,pigai.org
1015,中华人民共和国国家邮政局,spb.gov.cn
1016,看看新闻网,kankanews.com
1017,学信档案,my.chsi.com.cn
1018,中国南方电网,csg.cn
1019,css模板之家,cssmoban.com
1020,阿里巴巴集团,alibabagroup.com
1021,A9VG电玩部落,a9vg.com
1022,在线翻译,tran.httpcn.com
1023,7881游戏交易平台,7881.com
1024,美桌网,win4000.com
1025,瓜子二手车直卖网,guazi.com
1026,中国加盟网,jmw.com.cn
1027,青岛政务网,www.qingdao.gov.cn
1028,国美电器网上商城,gome.com.cn
1029,中国家居热线,jia400.com
1030,海外导航网 ,hhlink.com
1031,Worktile ,worktile.com
1032,中国人寿官网,e-chinalife.com
1033,兼职猫,jianzhimao.com
1034,歌谱简谱网,jianpu.cn
1035,上海住房公积金网,shgjj.com
1036,飞游游戏,fxxz.com
1037,中国招标与采购网,zbytb.com
1038,香哈网,xiangha.com
1039,中国联通网上营业厅,www.10010.com
1040,老黄历网,laohuangli.net
1041,比亚迪官网,www.bydauto.com.cn
1042,内蒙古自治区政府门户网站,www.nmg.gov.cn
1043,教育宝,jiaoyubao.cn
1044,233网校,www.233.com
1045,丁香人才网,jobmd.cn
1046,北京时间,btime.com
1047,青岛大学,qdu.edu.cn
1048,乐彩论坛,bbs.17500.cn
1049,中国河北,www.hebei.gov.cn
1050,淘豆网,taodocs.com
1051,中国房产超市网,fccs.com
1052,12309检察服务中心,12309.gov.cn
1053,橙光游戏中心,66rpg.com
1054,中国疾病预防控制中心,chinacdc.cn
1055,驱动人生,160.com
1056,豆瓣音乐,music.douban.com
1057,5118站长大数据,www.5118.com
1058,上海外国语大学,shisu.edu.cn
1059,多益网络,duoyi.com
1060,上海大众汽车官网,svw-volkswagen.com
1061,87G手游网,www.87g.com
1062,信用中国,www.creditchina.gov.cn
1063,广西师范大学,gxnu.edu.cn
1064,中国铁路总公司,china-railway.com.cn
1065, 趣历史网,qulishi.com
1066,中国文明网,wenming.cn
1067,游侠网游戏攻略频道,gl.ali213.net
1068,琵琶网,pipaw.com
1069,地球在线,earthol.com
1070,鲁大师,ludashi.com
1071,中国济宁,jining.gov.cn
1072,1518姓名测试,1518.com
1073,中国路面机械网,lmjx.net
1074,万维书刊,eshukan.com
1075,海南航空,hnair.com
1076,500彩票网足球赔率,odds.500.com
1077,火绒互联网安全软件,huorong.cn
1078,PS123素材网,ps123.net
1079,MedSci-临床研究与学术平台,medsci.cn
1080,国家烟草专卖局,tobacco.gov.cn
1081,当当网商品搜索,search.dangdang.com
1082,长春市人民政府网,changchun.gov.cn
1083,官网大全&,guanwangdaquan.com
1084,国家职业资格工作网,osta.org.cn
1085,微信网页版,wx.qq.com
1086,Unix技术网,chinaunix.net
1087,DoNews,donews.com
1088,德州市政府门户网站,dezhou.gov.cn
1089,中国数字科技馆,cdstm.cn
1090,深圳口岸中旅官网_,ctsto.com
1091,斗鱼,www.douyu.com
1092,人人都是产品经理,woshipm.com
1093,长沙理工大学,csust.edu.cn
1094,海信官网,hisense.com
1095,百图汇,5tu.cn
1096,咪咕音乐网,music.migu.cn
1097,中国黑龙江,www.hlj.gov.cn
1098,TechWeb,techweb.com.cn
1099,西门子家电官方网站,siemens-home.cn
1100,西南石油大学,www.swpu.edu.cn
1101,中国电信集团公司,www.chinatelecom.com.cn
1102,红联Linux门户,linuxdiyf.com
1103,QQ空间,qzone.qq.com
1104,国家林业局,www.forestry.gov.cn
1105,光宇游戏,gyyx.cn
1106,中国潍坊,weifang.gov.cn
1107,4399手机游戏网安卓频道,a.4399.cn
1108,华尔街见闻,wallstreetcn.com
1109,中国矿业大学(北京),cumtb.edu.cn
1110,泰康人寿,taikang.com
1111,公安部消防局,119.gov.cn
1112,昕薇网,ixinwei.com
1113,中国招标网,bidchance.com
1114,寻宝网,xunbao178.com
1115,陕西师范大学,www.snnu.edu.cn
1116,广发银行,www.cgbchina.com.cn
1117,飞利浦中国官方网站,www.philips.com.cn
1118,沈阳政府网,shenyang.gov.cn
1119,我要个性网,woyaogexing.com
1120,毒霸网址大全 ,duba.com
1121,名医在线,myzx.cn
1122,建E室内设计网,justeasy.cn
1123,济南大学,ujn.edu.cn
1124,西北农林科技大学,nwsuaf.edu.cn
1125,中国光大银行信用卡,xyk.cebbank.com
1126,中国惠州网,www.huizhou.gov.cn
1127,安庆市人民政府官方网站,anqing.gov.cn
1128,城市吧,city8.com
1129,国家外汇管理局,safe.gov.cn
1130,微博通,wbto.cn
1131,少数派,sspai.com
1132,河南省教育厅,haedu.gov.cn
1133,98足球网,98zhibo.com
1134,ProcessOn,processon.com
1135,数英网,digitaling.com
1136,长安汽车官方网站,www.changan.com.cn
1137,火星网,hxsd.com
1138,ARP联盟,arpun.com
1139,139邮箱,mail.10086.cn
1140,问卷网,wenjuan.com
1141,余姚生活网,eyuyao.com
1142,领英,linkedin.com
1143,阿里旺旺,alicdn.com
1144,教育部考试中心综合查询网,chaxun.neea.edu.cn
1145,小学语文教学资源网,xiaoxue.ruiwen.com
1146,研修网,yanxiu.com
1147,拉勾网,lagou.com
1148,剑网3,jx3.xoyo.com
1149,TCL集团官网,www.tcl.com
1150,广州大学,gzhu.edu.cn
1151,辽宁省人民政府,www.ln.gov.cn
1152,安能物流,ane56.com
1153,TXT小说下载网,sjtxt.com
1154,福步外贸网,fobshanghai.com
1155,720yun,720yun.com
1156,福州市人民政府门户网站,www.fuzhou.gov.cn
1157,江西人事考试网,jxpta.com
1158,云南省招考频道,ynzs.cn
1159,迅游网游加速器,xunyou.com
1160,花椒直播,huajiao.com
1161,长江大学,yangtzeu.edu.cn
1162,济宁新闻网,jnnews.tv
1163,北京工业大学,bjut.edu.cn
1164,中国厦门,www.xm.gov.cn
1165,华侨大学,hqu.edu.cn
1166,上海热线,online.sh.cn
1167,江西省教育考试院,jxeea.cn
1168,DOTA2官方网站,dota2.com.cn
1169,国防科学技术大学,www.nudt.edu.cn
1170,乐居房产,leju.com
1171,向日葵远程控制软件,sunlogin.oray.com
1172,慕课网,www.imooc.com
1173,国泰航空,cathaypacific.com
1174,上海理工大学,usst.edu.cn
1175,湖北省教育考试院,hbea.edu.cn
1176,中华人民共和国最高人民检察院,www.spp.gov.cn
1177,名品导购网,mplife.com
1178,乌有之乡网刊 ,wyzxwk.com
1179,全景网,p5w.net
1180,万表网,wbiao.cn
1181,国家能源局,nea.gov.cn
1182,户外资料网,8264.com
1183,YY经典小游戏,17yy.com
1184,中共中央党校网站,www.ccps.gov.cn
1185,中国盐城,yancheng.gov.cn
1186,实况MVP足球游戏网,wemvp.com
1187,健康第一线,vodjk.com
1188,中华人民共和国海关总署,www.customs.gov.cn
1189,用友,www.yonyou.com
1190,安徽网,ahwang.cn
1191,JJ比赛,jj.cn
1192,大江网,jxnews.com.cn
1193,沃保保险网,vobao.com
1194,有道云笔记,note.youdao.com
1195,南京医科大学,njmu.edu.cn
1196,500彩票网彩民资讯频道,zx.500.com
1197,艾瑞网,iresearch.cn
1198,当快软件园,www.downkuai.com
1199,课堂作文网,kt250.com
1200,微信读书,weread.qq.com
1201,新浪女性,eladies.sina.com.cn
1202,东方财富网股票频道,stock.eastmoney.com
1203,维库电子市场网,dzsc.com
1204,彩客网,310win.com
1205,考试吧,exam8.com
1206,携程火车票官网,trains.ctrip.com
1207,我爱卡论坛,bbs.51credit.com
1208,黑龙江大学,hlju.edu.cn
1209,一汽奥迪官网,audi.cn
1210,网易汽车车型库,product.auto.163.com
1211,中国制造网,cn.made-in-china.com
1212,小米路由器官网,miwifi.com
1213,内蒙古工业大学,imut.edu.cn
1214,驱动精灵官网,drivergenius.com
1215,赣州九一人才网,gz91.com
1216,烟台市政府门户网站,www.yantai.gov.cn
1217,网上宿迁,suqian.gov.cn
1218,爱站网百度权重查询,baidurank.aizhan.com
1219,异次元软件 ,iplaysoft.com
1220,广东工业大学,gdut.edu.cn
1221,民航资源网 ,carnoc.com
1222,网易娱乐,ent.163.com
1223,u88创业加盟网,u88.com
1224,中华人民共和国国务院新闻办公室,scio.gov.cn
1225,MBA智库文档,doc.mbalib.com
1226,诺基亚官网,nokia.com
1227,纷享销客,fxiaoke.com
1228,3618医疗器械网,3618med.com
1229,中国甘肃网,gscn.com.cn
1230,3533手机世界,3533.com
1231,壹心理,xinli001.com
1232,中国货币网,chinamoney.com.cn
1233,115网盘,115.com
1234,135编辑器官网,www.135editor.com
1235,荆州市人民政府,jingzhou.gov.cn
1236,中国义乌"政府门户网站,yw.gov.cn
1237,大麦网,damai.cn
1238,山东科技大学,sdust.edu.cn
1239,迅捷pdf转换成word转换器,xunjiepdf.com
1240,中国石油天然气集团公司,www.cnpc.com.cn
1241,Excel Home,excelhome.net
1242,河南省政府采购网,hngp.gov.cn
1243,网易新闻,news.163.com
1244,搜狐媒体平台,mt.sohu.com
1245,素材中国,sccnn.com
1246,5566精彩网址大全,5566.net
1247,VV娱乐社区,51vv.com
1248,杂志铺,zazhipu.com
1249,千锋教育,mobiletrain.org
1250,汽车江湖网,qc188.com
1251,完全实况11论坛,winning11cn.com
1252,新浪云计算,sinaapp.com
1253,卓创资讯 ,sci99.com
1254,烟网,yanpk.com
1255,绿色软件联盟,xdowns.com
1256,我拉网,55.la
1257,汇通网,fx678.com
1258,耐美尔延时喷剂,naimal.com
1259,足彩即时比分直播网-500彩票网,live.500.com
1260,绍兴e网,e0575.com
1261,菁优网,jyeoo.com
1262,win7之家,win7zhijia.cn
1263,福昕软件,foxitsoftware.cn
1264,中国PhotoShop资源网,86ps.com
1265,salesforce,salesforce.com
1266,东方网体育,sports.eastday.com
1267,宽带山,kdslife.com
1268,万达官网,wanda.cn
1269, 15天气网,15tianqi.cn
1270,悠悠游戏服务网,uu898.com
1271,药智网,yaozh.com
1272,河南理工大学,hpu.edu.cn
1273,好医生,haoyisheng.com
1274,江苏体彩网,js-lottery.com
1275,7k7k新闻网,news.7k7k.com
1276,俄罗斯卫星网,sputniknews.cn
1277,浙江理工大学,zstu.edu.cn
1278,宁波大学,nbu.edu.cn
1279,MSDN - Microsoft 开发人员网络,msdn.microsoft.com
1280,宜家官网,ikea.com
1281,站长工具,tool.chinaz.com
1282,渣打银行中国官网,www.sc.com
1283,欧路词典 ,eudic.net
1284,中国版权保护中心,ccopyright.com.cn
1285,上海海事大学,shmtu.edu.cn
1286,百田网,100bt.com
1287,郑州市人民政府,www.zhengzhou.gov.cn
1288,四川师范大学,sicnu.edu.cn
1289,电玩巴士,tgbus.com
1290,时间财富网,680.com
1291,人人网,renren.com
1292,建设工程教育网,jianshe99.com
1293,中国太平保险集团官方网站,cntaiping.com
1294,事业单位考试网,zgsydw.com
1295,新浪游戏,games.sina.com.cn
1296,浙江大学,www.zju.edu.cn
1297,山东大学,www.sdu.edu.cn
1298,神巴巴测试网,services.shen88.cn
1299,武汉工程大学,wit.edu.cn
1300,普拉达官网,prada.com
1301,山东师范大学,sdnu.edu.cn
1302,雪缘网 ,gooooal.com
1303,天津市招生考试院,zhaokao.net
1304,中国人保,picc.com
1305,易教网,eduease.com
1306,心动游戏,xd.com
1307,人民教育出版社,pep.com.cn
1308,中国计量学院,cjlu.edu.cn
1309,元亨利贞网 ,china95.net
1310,赶集网,ganji.com
1311,智联招聘人才招聘信息,jobs.zhaopin.com
1312,工标网,csres.com
1313,中烟新商盟,xinshangmeng.com
1314,爱扬教育网,www.aiyangedu.com
1315,中国连云港政府网,lyg.gov.cn
1316,魅族官网,www.meizu.com
1317,视界网,cbg.cn
1318,七匣子,7xz.com
1319,网上车市,cheshi.com
1320,问卷星,www.wjx.cn
1321,西安交通大学,www.xjtu.edu.cn
1322,湖南省中小学教师发展网,hnteacher.net
1323,搜狗网址导航,123.sogou.com
1324,北京外国语大学,bfsu.edu.cn
1325,好学教育,5haoxue.net
1326,中国娱乐网,yule.com.cn
1327,上海市教育考试院,www.shmeea.edu.cn
1328,安徽师范大学,ahnu.edu.cn
1329,雅马哈乐器音响(中国)官网,yamaha.com.cn
1330,慢慢买,manmanbuy.com
1331,三峡大学,ctgu.edu.cn
1332,南京审计学院,nau.edu.cn
1333,杭州女装网,hznzcn.com
1334,易班网,yiban.cn
1335,华夏二手车,hx2car.com
1336,艺龙旅行网,elong.com
1337,泡泡网,pcpop.com
1338,VK,vk.com
1339,爱问,iask.sina.com.cn
1340,Colg游戏社区,bbs.colg.cn
1341,国家电网人力资源招聘平台,zhaopin.sgcc.com.cn
1342,中国网新闻中心,news.china.com.cn
1343,红歌会网 ,szhgh.com
1344,重庆医科大学,cqmu.edu.cn
1345,ASUS,asus.com
1346,新民网 ,xinmin.cn
1347,亿推 ,ett.cc
1348,煎蛋,jandan.net
1349,5000言,5000yan.com
1350,东易日盛装饰集团,dyrs.com.cn
1351,搜库,soku.com
1352,中国成都,www.chengdu.gov.cn
1353,新东方在线资讯中心,news.koolearn.com
1354,中兴通讯股份有限公司,zte.com.cn
1355,北京师范大学珠海分校,bnuz.edu.cn
1356,山东省淄博市人民政府主网,zibo.gov.cn
1357,中国建材网,bmlink.com
1358,龙腾网,ltaaa.com
1359,铁甲工程机械网,cehome.com
1360,中国素材网,huiyi8.com
1361,傲世堂,aoshitang.com
1362,qq微云,weiyun.com
1363,猪八戒网,zbj.com
1364,当客软件园,downkr.com
1365,中国温州,www.wenzhou.gov.cn
1366,中国工控网,gongkong.com
1367,搞趣网,gao7.com
1368,中国裁判文书网,wenshu.court.gov.cn
1369,易玩网,5eplay.com
1370,中南大学,www.csu.edu.cn
1371,糖豆网,tangdou.com
1372,共产党员网党建频道,news.12371.cn
1373,中国兰花交易网,hmlan.com
1374,环球汽车网,huanqiuauto.com
1375,大华股份,dahuatech.com
1376,辽宁师范大学,lnnu.edu.cn
1377,创客贴,www.chuangkit.com
1378,成都全搜索,chengdu.cn
1379,中国花木网,huamu.com
1380,青岛科技大学,qust.edu.cn
1381,大地系统,dadighost.com
1382,中国人寿官方网站,chinalife.com.cn
1383,广汽本田官方网站,ghac.cn
1384,正北方网,northnews.cn
1385,求字体网,qiuziti.com
1386,红动素材导航,so.redocn.com
1387,技嘉科技,gigabyte.cn
1388,温州网,66wz.com
1389,大家网,topsage.com
1390,古诗文网,gushiwen.org
1391,友盟,umeng.com
1392,华东师范大学,www.ecnu.edu.cn
1393,西西软件园,cr173.com
1394,豪爵铃木摩托车,haojue.com
1395,中国质检网,cqn.com.cn
1396,安徽省人事考试网,apta.gov.cn
1397,XDA智能手机网,xda.cn
1398,一定牛,ydniu.com
1399,360安全网址导航,hao.360.cn
1400,咪咕视频,www.miguvideo.com
1401,虫虫钢琴,gangqinpu.com
1402,中华人民共和国水利部,mwr.gov.cn
1403,《梦幻西游2》官方网站,xyq.163.com
1404,2345网址导航实用工具,tools.2345.com
1405,图虫网,tuchong.com
1406,上学吧,shangxueba.com
1407,神巴巴,www.shen88.cn
1408,播种网,bozhong.com
1409,西陆网,xilu.com
1410,W3Cschool,www.w3cschool.cn
1411,天津师范大学,tjnu.edu.cn
1412,一汽大众,faw-vw.com
1413,广西招生考试院,gxeea.cn
1414,搜狐旅游频道,travel.sohu.com
1415,搜狐时尚,fashion.sohu.com
1416,四川省教育考试院招生考试信息查询,cx.sceea.cn
1417,河北大学,hbu.edu.cn
1418,金山网络,ijinshan.com
1419,洛阳市政府网站,ly.gov.cn
1420,192路由网,192ly.com
1421,smallpdf,smallpdf.com
1422,香格里拉酒店集团官网,shangri-la.com
1423,德语助手,godic.net
1424,苏州科技大学,usts.edu.cn
1425,天巡网,tianxun.com
1426,中国大连政府门户网站,dl.gov.cn
1427,联想中国,www.lenovo.com
1428,远景在线,pcbeta.com
1429,福建省人民政府门户网站,www.fujian.gov.cn
1430,每日甘肃网,gansudaily.com.cn
1431,91单机游戏网,91danji.com
1432,爱奇艺好看的电影大全,list.iqiyi.com
1433,广联达服务新干线,fwxgx.com
1434,南京大学,www.nju.edu.cn
1435,DiskGenius官方网站,diskgenius.cn
1436,黑马程序员官网,itheima.com
1437,新疆维吾尔自治区人民政府,www.xinjiang.gov.cn
1438,中国图书网,bookschina.com
1439,尼康中国,nikon.com.cn
1440,卡宝宝网,www.cardbaobao.com
1441,识货,shihuo.cn
1442,4399游戏吧,my.4399.com
1443,银豹免费收银软件,pospal.cn
1444,极路由官网,hiwifi.com
1445,广汽丰田官网,gac-toyota.com.cn
1446,SegmentFault,segmentfault.com
1447,浩辰CAD,gstarcad.com
1448,电子科技大学,www.uestc.edu.cn
1449,东营市人民政府,dongying.gov.cn
1450,宝贝DJ网,bbdj.com
1451,开淘网,kaitao.cn
1452,中国芜湖,wuhu.gov.cn
1453,春秋航空官方网站,ch.com
1454,新安人才网,goodjobs.cn
1455,51240便民查询网,51240.com
1456,中国邮政网上营业厅,11185.cn
1457,中企动力,300.cn
1458,七彩虹,colorful.cn
1459,55海淘网,55haitao.com
1460,应用宝,myapp.com
1461,好学校,91goodschool.com
1462,7788商城,7788.com
1463,药房网商城,yaofangwang.com
1464,51PPT模板网,51pptmoban.com
1465,阳光保险,sinosig.com
1466,上海浦东发展银行,www.spdb.com.cn
1467,河北网络电视台,hebtv.com
1468,潇湘晨报网,xxcb.cn
1469,中国九江网,jiujiang.gov.cn
1470,中国地震台网,ceic.ac.cn
1471,tvb,tvb.com
1472,中南林业科技大学涉外学院,zswxy.cn
1473,巴士笑话网,xiao84.com
1474,敦煌网,dhgate.com
1475,菜鸟网络,cainiao.com
1476,CNTV新闻台,news.cntv.cn
1477,中国计算机技术职业资格网,ruankao.org.cn
1478,长城汽车官网,gwm.com.cn
1479,53货源网,53shop.com
1480,中华人民共和国国防部,www.mod.gov.cn
1481,山东政府采购网,www.ccgp-shandong.gov.cn
1482,Autodesk,autodesk.com.cn
1483,DIOR迪奥官方网站,www.dior.cn
1484,Microsoft Office 软件中文官方网站,products.office.com
1485,吉林大学,www.jlu.edu.cn
1486,中国南通政府网站,nantong.gov.cn
1487,7K8K小游戏,7k8k.com
1488,山东人事考试信息网,hrss.shandong.gov.cn
1489,香港中文大学,www.cuhk.edu.hk
1490,汕头大学,stu.edu.cn
1491,壁纸族,bizhizu.cn
1492,比克尔下载,bkill.com
1493,药品价格315网,315jiage.cn
1494,Bangumi 番组计划,bgm.tv
1495,东南大学,www.seu.edu.cn
1496,读秀网,duxiu.com
1497,中国日报网国内新闻,cnews.chinadaily.com.cn
1498,阿斯达克财经网,aastocks.com
1499,索尼中国在线商城,sonystyle.com.cn
1500,曲阜师范大学,qfnu.edu.cn
1501,城市房产,cityhouse.cn
1502,香港大学,www.hku.hk
1503,陌陌,immomo.com
1504,Coursera 官网,coursera.org
1505,Outlook邮箱,outlook.com
1506,应用宝官网,android.myapp.com
1507,分区助手,disktool.cn
1508,澳門科技大學,www.must.edu.mo
1509,锐捷网络,ruijie.com.cn
1510,长沙市政府网,www.changsha.gov.cn
1511,黑龙江省招生考试信息港,lzk.hl.cn
1512,达内官网,tedu.cn
1513,神州数码,digitalchina.com
1514,北京朝阳,www.bjchy.gov.cn
1515,书法欣赏,yac8.com
1516,龙岗政府在线,www.lg.gov.cn
1517,魅族Flyme官网,flyme.cn
1518,中国平安保险（集团）股份有限公司,pingan.com.cn
1519,私募排排网,simuwang.com
1520,辽宁招生考试之窗,lnzsks.com
1521,河东软件园,pc0359.cn
1522,战网,battlenet.com.cn
1523,中国宜昌  政府门户网站,www.yichang.gov.cn
1524,VideoLAN ,videolan.org
1525,荆楚网新闻频道,news.cnhubei.com
1526,万行教师人才网,job910.com
1527,A9VG电玩部落论坛,bbs.a9vg.com
1528,中华卫浴网,chinaweiyu.com
1529,恒大集团,evergrande.com
1530,雷蛇官网,razerzone.com
1531,词都网,dictall.com
1532,飞翔下载,52z.com
1533,河北省教育考试院,hebeea.edu.cn
1534,渠道网,qudao.com
1535,直播吧 ,zhibo8.com
1536,西北工业大学,www.nwpu.edu.cn
1537,去哪儿网机票,flight.qunar.com
1538,中国互联网协会,isc.org.cn
1539,当乐网,d.cn
1540,三一集团官网,sanygroup.com
1541,凤凰汽车,auto.ifeng.com
1542,华为云,www.huaweicloud.com
1543,北京理工大学,www.bit.edu.cn
1544,小米官网手机社区,xiaomi.cn
1545,驾校一点通,jxedt.com
1546,CSDN论坛,bbs.csdn.net
1547,中国银行(香港)有限公司,bochk.com
1548,XCMG徐工集团,xcmg.com
1549,西门子中国,siemens.com.cn
1550,人民论坛网,rmlt.com.cn
1551,中国铁建股份有限公司,crcc.cn
1552,河南农业大学,henau.edu.cn
1553,吉他世界网,guitarworld.com.cn
1554,淮安市政府,huaian.gov.cn
1555,创世中文网,chuangshi.qq.com
1556,北京本地宝,bj.bendibao.com
1557,山西大学,sxu.edu.cn
1558,懒人听书官方网站,lrts.me
1559,一览英才网,job1001.com
1560,软吧手机软件,ruan8.com
1561,漫客栈,mkzhan.com
1562,公务员考试信息网,sdsgwy.com
1563,北京协和医院官网,pumch.cn
1564,中原地产,centanet.com
1565,新华报业网,xhby.net
1566,奇瑞Chery汽车官网,www.chery.cn
1567,中国台湾网,taiwan.cn
1568,X-MOL平台,x-mol.com
1569,中国江西网,jxcn.cn
1570,吉祥航空官方网站,juneyaoair.com
1571,性商网官网,chinasexq.com
1572,环球网,www.huanqiu.com
1573,吉号吧,jihaoba.com
1574,vivo商城,shop.vivo.com.cn
1575,天津科技大学,tust.edu.cn
1576,湖南科技大学,hnust.edu.cn
1577,雅迪电动车官方网站,yadea.com.cn
1578,公务员期刊网,21ks.net
1579,搜款网,vvic.com
1580,觅元素,www.51yuansu.com
1581,福建工程学院,fjut.edu.cn
1582,迅捷PDF转换器,app.xunjiepdf.com
1583,卖家网,maijia.com
1584,华人螺丝网,luosi.com
1585,寻找卓明谷,saraba1st.com
1586,Skype官网,skype.com
1587,保时捷官网,porsche.com
1588,郑州大学,www.zzu.edu.cn
1589,成都信息工程大学,cuit.edu.cn
1590,北京海淀,bjhd.gov.cn
1591,DAV数字音视工程网,dav01.com
1592,路虎中国,landrover.com.cn
1593,太平洋女性网,pclady.com.cn
1594,好搜百科,baike.so.com
1595,抽屉新热榜,chouti.com
1596,车质网,12365auto.com
1597,indeed求职网,indeed.com
1598,古驰中国官方网站,gucci.com
1599,卡西欧(Casio)中国官网,casio.com.cn
1600,99单机游戏网,99danji.com
1601,品善网,pinshan.com
1602,微软极客社区,bbs.pcbeta.com
1603,中华人民共和国公安部,mps.gov.cn
1604,香港政府一站通,www.gov.hk
1605,LV官方网站,louisvuitton.cn
1606,手机乐园,shouji.com.cn
1607,世界各国网址大全,world68.com
1608,易宝支付,yeepay.com
1609,COACH蔻驰官网,coach.com
1610,法大大,www.fadada.com
1611,CCTV5在线直播,cctv5bo.com
1612,新浪视频,video.sina.com.cn
1613,按键精灵,anjian.com
1614,福建农林大学,fafu.edu.cn
1615,许昌市人民政府门户网站,xuchang.gov.cn
1616,湘潭大学,www.xtu.edu.cn
1617,黄页88公司名录网,b2b.huangye88.com
1618,广州招考网 ,gzzk.cn
1619,大家找算命网,dajiazhao.com
1620,河北师范大学,hebtu.edu.cn
1621,华为企业ICT产品和解决方案,e.huawei.com
1622,达美航空公司,delta.com
1623,科大讯飞,iflytek.com
1624,西南交通大学官网,www.swjtu.edu.cn
1625,苏州大学,www.suda.edu.cn
1626,互动百科,baike.com
1627,陕西网络广播电视台,snrtv.com
1628,ps在线版,uupoop.com
1629,百世,800best.com
1630,俺下载,anxz.com
1631,UCloud,ucloud.cn
1632,金华市政府网,jinhua.gov.cn
1633,科力普商城,www.colipu.com
1634,康强医疗人才网,kq36.com
1635,银川新闻网,ycen.com.cn
1636,腾讯游戏,game.qq.com
1637,中山大学,www.sysu.edu.cn
1638,安徽理工大学,aust.edu.cn
1639,高平广电网,gpbctv.com
1640,法律图书馆 ,law-lib.com
1641,马鞍山市教育局,masedu.cn
1642,动漫之家漫画网,manhua.dmzj.com
1643,拍拍贷,ppdai.com
1644,柳州新闻网,lznews.gov.cn
1645,第一应用,diyiapp.com
1646,兰州交通大学,lzjtu.edu.cn
1647,生意宝,toocle.com
1648,迪卡侬运动超市,decathlon.com.cn
1649,哈尔滨理工大学,hrbust.edu.cn
1650,荔枝FM,lizhi.fm
1651,中国经济新闻网,cet.com.cn
1652,QQ网名,oicq88.com
1653,东方律师网,lawyers.org.cn
1654,长江水文网,cjh.com.cn
1655,中国中山政府门户网站,www.zs.gov.cn
1656,亿邦动力网,ebrun.com
1657,中康体检网,viptijian.com
1658,格力,gree.com
1659,110法律咨询网,110.com
1660,中国网河南,henan.china.com.cn
1661,船讯网,shipxy.com
1662,内蒙古师范大学,imnu.edu.cn
1663,沙发网,shafa.com
1664,脉脉,maimai.cn
1665,河海大学,www.hhu.edu.cn
1666,考研信息网,kaoyan365.cn
1667,上海嘉定,jiading.gov.cn
1668,岳阳市政府门户网站,yueyang.gov.cn
1669,学校大全网 ,xuexiaodaquan.com
1670,500彩票网彩票投注,trade.500.com
1671,爱课程,icourses.cn
1672,湖北大学,hubu.edu.cn
1673,中医世家,zysj.com.cn
1674,东南网,fjsen.com
1675,中国教育资源网,chinesejy.com
1676,寻找卓明谷,bbs.saraba1st.com
1677,金数据 ,jinshuju.net
1678,南通大学,ntu.edu.cn
1679,一汽丰田官网,toyota.com.cn
1680,网易体育,sports.163.com
1681,科技网,cstnet.cn
1682,中国教师教育网,teacheredu.cn
1683,金十数据,jin10.com
1684,王朝网络,wangchao.net.cn
1685,找工易人才网,hunt007.com
1686,兰博基尼,www.lamborghini.com
1687,重庆市教育考试院,cqksy.cn
1688,七一网,12371.gov.cn
1689,十堰秦楚网,10yan.com
1690,天津财经大学,tjufe.edu.cn
1691,中南林业科技大学,csuft.edu.cn
1692,中国民航大学,www.cauc.edu.cn
1693,126网易免费,mail.126.com
1694,Dior 官网,dior.com
1695,PaperPass,paperpass.com
1696,华住酒店官网,huazhu.com
1697,宁波银行官网,www.nbcb.com.cn
1698,中国滨州,binzhou.gov.cn
1699,元贝驾考,ybjk.com
1700,创意人,chuangyiren.cn
1701,4399网页游戏,web.4399.com
1702,香港城市大学,www.cityu.edu.hk
1703,肯德基中国,kfc.com.cn
1704,厦门人才网,xmrc.com.cn
1705,大街网,dajie.com
1706,阿联酋航空,emirates.com
1707,凯悦酒店集团官方网站,hyatt.com
1708,东软,www.neusoft.com
1709,爱奇艺,qiyi.com
1710,走进中关村,intozgc.com
1711,心食谱,xinshipu.com
1712,在线打字测试,kukuw.com
1713,土豆网,www.tudou.com
1714,中国张家港,www.zjg.gov.cn
1715,QQ游戏,qqgame.qq.com
1716,IC交易网,ic.net.cn
1717,ACCA Global,accaglobal.com
1718,舜网,e23.cn
1719,4399动漫网,4399dmw.com
1720,桂林电子科技大学,guet.edu.cn
1721,驾驶员考试网,jsyks.com
1722,金泉网,jqw.com
1723,QQ浏览器官网,browser.qq.com
1724,同花顺,www.10jqka.com.cn
1725,中国联通网上营业厅自助服务栏目,iservice.10010.com
1726,中国华能集团公司,www.chng.com.cn
1727,中学历史教学园地,zxls.com
1728,安徽农业大学,ahau.edu.cn
1729,M站,missevan.com
1730,中国湖州,huzhou.gov.cn
1731,汇博人才网,huibo.com
1732,中国电力建设集团,www.powerchina.cn
1733,中国设计网,cndesign.com
1734,中国哈尔滨,harbin.gov.cn
1735,斗破苍穹小说网,doupocangqiong1.com
1736,环球网校,www.hqwx.com
1737,奥一网,oeeee.com
1738,12321网络不良与垃圾信息举报受理中心,12321.cn
1739,抓鸟英语,zhuaniao.com
1740,CNKI学问,xuewen.cnki.net
1741,2345电影大全,dianying.2345.com
1742,欧朋浏览器,opera.com
1743,一师一优课,1s1k.eduyun.cn
1744,华泰证券官网,htsc.com.cn
1745,河北省人事考试网,hebpta.com.cn
1746,电玩男 ,dianwannan.com
1747,本田中国,honda.com.cn
1748,中华人民共和国审计署,audit.gov.cn
1749,CC课堂,cctalk.com
1750,安卓乐园,520apk.com
1751,秒拍,miaopai.com
1752,小众软件 ,appinn.com
1753,快站,kuaizhan.com
1754,logo收藏家,www.logosc.cn
1755,宏基官网,acer.com.cn
1756,乐山市人民政府,leshan.gov.cn
1757,侠客网,xkzzz.com
1758,红软基地,rsdown.cn
1759,抓鸟英语,dict.zhuaniao.com
1760,古古漫画网,gugu5.com
1761,立创商城,www.szlcsc.com
1762,一加手机,oneplus.com
1763,第一视频,v1.cn
1764,万方医学网,med.wanfangdata.com.cn
1765,武汉大学,www.whu.edu.cn
1766,内蒙古农业大学,imau.edu.cn
1767,医脉通,medlive.cn
1768,厦门航空官网,xiamenair.com
1769,万豪国际酒店集团,marriott.com.cn
1770,狸窝软件,leawo.cn
1771,九正建材网,jc001.cn
1772,中韩词典,hotdic.com
1773,SooPAT 专利搜索,soopat.com
1774,源码网,codepub.com
1775,中国科学院心理研究所,psych.ac.cn
1776,国信证券官网,www.guosen.com.cn
1777,中华考试网,examw.com
1778,搜狐母婴频道,baobao.sohu.com
1779,American Chemical Society,acs.org
1780,ETS Home,ets.org
1781,在线工具 ,tool.lu
1782,启信宝,www.qixin.com
1783,麦客,mikecrm.com
1784,WeChat,wechat.com
1785,爱名网,22.cn
1786,中国教育新闻网,jyb.cn
1787,卡地亚中国官方网站,www.cartier.cn
1788,长沙教育信息网,csedu.gov.cn
1789,好医生继续医学教育,cmechina.net
1790,中国交通建设,www.ccccltd.cn
1791,喷嚏网,dapenti.com
1792,屏库,panelook.cn
1793,万科集团,vanke.com
1794,考试酷,examcoo.com
1795,中国亳州,bozhou.gov.cn
1796,中国联通,chinaunicom.com.cn
1797,中国蚌埠,bengbu.gov.cn
1798,最佳东方,veryeast.cn
1799,德国汉莎航空官网,lufthansa.com
1800,MBA中国网,mbachina.com
1801,施耐德电气中国,schneider-electric.cn
1802,齐鲁人才网,qlrc.com
1803,Tenda腾达官方网站,tenda.com.cn
1804,十堰市政府门户网站,shiyan.gov.cn
1805,美国银行官方网站,bankofamerica.com
1806,中国青年报数字报,zqb.cyol.com
1807,畅游,www.changyou.com
1808,银联钱包,95516.com
1809,陕西科技大学,sust.edu.cn
1810,学堂在线,www.xuetangx.com
1811,90设计,90sheji.com
1812,广发证券,www.gf.com.cn
1813,河南科技大学,haust.edu.cn
1814,泰安市人民政府门户网站,taian.gov.cn
1815,中国赤峰,chifeng.gov.cn
1816,中国昆明,km.gov.cn
1817,114票务网,114piaowu.com
1818,上海链家网,sh.lianjia.com
1819,人民网理论,theory.people.com.cn
1820,沐风网,mfcad.com
1821,中国医科大学,cmu.edu.cn
1822,中央纪委监察部举报网站,12388.gov.cn
1823,湖北教育信息网,e21.cn
1824,湖南省教育考试院,hneao.cn
1825,易名中国域名管理平台,ename.net
1826,哈尔滨工业大学,www.hit.edu.cn
1827,比特彗星,bitcomet.com
1828,《300英雄》官方网站,jumpw.com
1829,圣才学习网,100xuexi.com
1830,人社通,m12333.cn
1831,全球纺织网,tnc.com.cn
1832,厦门小鱼网,xmfish.com
1833,财付通,tenpay.com
1834,西部网,cnwest.com
1835,店小秘,dianxiaomi.com
1836,华中科技大学,www.hust.edu.cn
1837,印象笔记,yinxiang.com
1838,华润集团,crc.com.cn
1839,教育部全国中小学教师继续教育网,teacher.com.cn
1840,李宁官方网站,store.lining.com
1841,建筑英才网,buildhr.com
1842,首都医科大学,ccmu.edu.cn
1843,《参考消息》官方网站,cankaoxiaoxi.com
1844,贵视网,gzstv.com
1845,站长字体,font.chinaz.com
1846,携程旅游,vacations.ctrip.com
1847,中国海峡人才网,www.hxrc.com
1848,给据邮件跟踪查询,yjcx.chinapost.com.cn
1849,衢州市政府门户网站,qz.gov.cn
1850,八一中文网,81zw.com
1851,ADI,analog.com
1852,镇江网友之家,my0511.com
1853,国家留学基金管理委员会,csc.edu.cn
1854,扬州大学,yzu.edu.cn
1855,爱范儿,ifanr.com
1856,听力课堂,www.tingclass.net
1857,4399手机游戏客户端,app.4399.cn
1858,广州金盾网,gzjd.gov.cn
1859,虹口教育,hkedu.sh.cn
1860,滁州市政府门户网站,chuzhou.gov.cn
1861,回车桌面,enterdesk.com
1862,北京师范大学,www.bnu.edu.cn
1863,集思录,jisilu.cn
1864,桂林生活网,guilinlife.com
1865,烟台大学,ytu.edu.cn
1866,中国柳州,liuzhou.gov.cn
1867,我要啦,51.la
1868,和讯财经新闻,news.hexun.com
1869,必克英语,spiiker.com
1870,浪潮,inspur.com
1871,5IMX,5imx.com
1872,作业帮,www.zybang.com
1873,腾讯电脑管家官网,guanjia.qq.com
1874,中国足彩网比分直播,live.zgzcw.com
1875,东方热线,cnool.net
1876,网易财经,money.163.com
1877,花粉俱乐部,club.huawei.com
1878, Chiphell ,chiphell.com
1879,浙江政府采购,zfcg.czt.zj.gov.cn
1880,上海 浦东,www.pudong.gov.cn
1881,台州人力网,tzrl.com
1882,值值值,zhizhizhi.com
1883,大金空调官方网站,daikin-china.com.cn
1884,网易用户中心,reg.163.com
1885,卡车之家报价库,product.360che.com
1886,合肥房产网,0551fangchan.com
1887,忻州市政府门户网,sxxz.gov.cn
1888,网易云阅读,yuedu.163.com
1889,一加手机,www.oneplus.com
1890,江苏科技大学,just.edu.cn
1891,河南省人事考试中心,hnrsks.com
1892,深圳航空,shenzhenair.com
1893,北青网,ynet.com
1894,天堂图片网,ivsky.com
1895,腾讯课堂,ke.qq.com
1896,Office 365,office365.com
1897,高新技术企业认定工作网,innocom.gov.cn
1898,水木社区,newsmth.net
1899,波奇网,boqii.com
1900,递四方速递,4px.com
1901,北京航空航天大学,www.buaa.edu.cn
1902,中国中煤能源集团有限公司,chinacoal.com
1903,HS Code_HS编码查询,hsbianma.com
1904,电子工程世界,eeworld.com.cn
1905,南海网,hinews.cn
1906,江门市人民政府网,www.jiangmen.gov.cn
1907,联合国,www.un.org
1908,云南财经大学,ynufe.edu.cn
1909,汇丰银行官网,www.hsbc.com.cn
1910,软件E线下载站,edowning.net
1911,西南师范大学,cwnu.edu.cn
1912,齐鲁网新闻中心,news.iqilu.com
1913,辽宁人事考试网,lnrsks.com
1914,文都教育在线,wendu.com
1915,南方网新闻频道,news.southcn.com
1916,广发银行信用卡中心,card.cgbchina.com.cn
1917,郑州铁路职业技术学院,zzrvtc.edu.cn
1918,组卷网,zujuan.com
1919,福特汽车中国网站,ford.com.cn
1920,500彩票网彩票开奖,kaijiang.500.com
1921,香港理工大学,www.polyu.edu.hk
1922,魔兽地图联盟,12349.net
1923,万国企业网,cn.trustexporter.com
1924,华为开发者联盟,developer.huawei.com
1925,上海大学,www.shu.edu.cn
1926,洛克化工网,lookchem.cn
1927,中国南宁,www.nanning.gov.cn
1928,武汉纺织大学,wtu.edu.cn
1929,中国供销合作网,chinacoop.gov.cn
1930,航天信息股份有限公司,aisino.com
1931,南阳理工学院官,nyist.net
1932,伊利,yili.com
1933,海尔集团,haier.net
1934,南京晓庄学院,njxzc.edu.cn
1935,班主任工作网,banzhuren.cn
1936,中国能源建设集团有限公司,ceec.net.cn
1937,中国海口政府门户网站,haikou.gov.cn
1938,建德网,jdnews.com.cn
1939,SEO综合查询,seo.chinaz.com
1940,国际人才网,job001.cn
1941,云南师范大学,ynnu.edu.cn
1942,虎扑篮球 ,hoopchina.com
1943,四月天象棋网,siyuetian.net
1944,腾讯广点通,e.qq.com
1945,AccuWeather,accuweather.com
1946,溧阳论坛,jsly001.com
1947,伙伴云表格,huoban.com
1948,江苏教师教育网,jste.net.cn
1949,三国游戏网,sanguogame.com.cn
1950,北京旅游网,visitbeijing.com.cn
1951,新CG儿,newcger.com
1952,Java,java.com
1953,汇图网,huitu.com
1954,采购与招标网,www.chinabidding.cn
1955,爱康国宾体检,ikang.com
1956,捷安特官网,giant.com.cn
1957,京东方科技集团股份有限公司,boe.com
1958,EF英孚教育官网,ef.com.cn
1959,中药健康网,zhongyao365.com
1960,美通社,prnasia.com
1961,哈弗SUV官网,haval.com.cn
1962,艺术字网,yishuzi.com
1963,腾讯新闻,news.qq.com
1964,中国移动网上商城,shop.10086.cn
1965,Teambition,teambition.com
1966,时光网发现频道,movie.mtime.com
1967,安徽工业大学,www.ahut.edu.cn
1968,学聚网,xjzsks.com
1969,杭州师范大学,hznu.edu.cn
1970,中国黄山,www.huangshan.gov.cn
1971,汽车维修技术网,qcwxjs.com
1972,鲁东大学,ldu.edu.cn
1973,北京掌阅科技有限公司,zhangyue.com
1974,17k小说网,17k.com
1975,美名腾智能起名网,meimingteng.com
1976,搜狗图片,pic.sogou.com
1977,中华网考试培训,kaoshi.china.com
1978,三国杀online官方网站,web.sanguosha.com
1979,中国海洋石油总公司,www.cnooc.com.cn
1980,太原市人民政府,taiyuan.gov.cn
1981,电话号码查询网,00cha.com
1982,360彩票走势图,chart.cp.360.cn
1983,aws 中国,amazonaws.cn
1984,中国中化集团公司,sinochem.com
1985,广东省人力资源和社会保障厅,gdhrss.gov.cn
1986,租号玩,zuhaowan.com
1987,Mooncell,fgo.wiki
1988,德州仪器中国官网,ti.com.cn
1989,化工英才网 ,chenhr.com
1990,中国绵阳,www.my.gov.cn
1991,中国汉中,hanzhong.gov.cn
1992,国家标准化管理委员会,sac.gov.cn
1993,3454小游戏,3454.com
1994,SHOPBOP,shopbop.com
1995,百运网,www.by56.com
1996,51766旅游网,51766.com
1997,中国环保设备展览网,hbzhan.com
1998,移动通信网,mscbsc.com
1999,书旗网,shuqi.com
2000,上海外语教育出版社,sflep.com
2001,香港交易所,www.hkex.com.hk
2002,华西证券,hx168.com.cn
2003,深圳之窗,shenchuang.com
2004,逍遥右脑记忆,jiyifa.com
2005,企业微博,e.weibo.com
2006,美国国家仪器公司官网,ni.com
2007,IP.CN ,ip.cn
2008,劝学网,quanxue.cn
2009,佛山市顺德区人民政府网,shunde.gov.cn
2010,厚学网,houxue.com
2011,药学社区,ouryao.com
2012,美国空间侦探,idcspy.com
2013,国际大蒜贸易网,51garlic.com
2014,爪游控,zhuayoukong.com
2015,哈尔滨新闻网,my399.com
2016,中国品牌服装网,china-ef.com
2017,新加坡航空,singaporeair.com
2018,鸟哥笔记,niaogebiji.com
2019,优购网,yougou.com
2020,滴滴打车官网,xiaojukeji.com
2021,同济大学,www.tongji.edu.cn
2022,湖南大学,www.hnu.edu.cn
2023,湖南理工学院,hnist.cn
2024,宝安区政府在线,www.baoan.gov.cn
2025,中南民族大学,www.scuec.edu.cn
2026,财富中文网,fortunechina.com
2027,ucbug游戏网,ucbug.com
2028,国家电网公司,95598.cn
2029,中国农村网,nongcun5.com
2030,中国共青团网,gqt.org.cn
2031,上海交通大学,www.sjtu.edu.cn
2032,中国画家网,huajia.cc
2033,Wacom,wacom.com
2034,全友家居,www.quanyou.com.cn
2035,河北大学,hbu.cn
2036,西南民族大学,swun.edu.cn
2037,中国无锡政府门户网站,www.wuxi.gov.cn
2038,JSON在线编辑器,qqe2.com
2039,浙江水利,zjwater.gov.cn
2040,国家体育总局,sport.gov.cn
2041,又拍网,yupoo.com
2042,卡地亚官网,cartier.com
2043,锤子科技官网,smartisan.com
2044,万年历,wannianli.com.cn
2045,雷克萨斯官网,lexus.com.cn
2046,陕西招生考试信息网,sneac.com
2047,中国普洱茶网,puercn.com
2048,卡塔尔航空,qatarairways.com
2049,金融界股票行情中心,summary.jrj.com.cn
2050,江西农业大学,jxau.edu.cn
2051,三茅人力资源网,hrloo.com
2052,中国唐山,tangshan.gov.cn
2053,58车,58che.com
2054,京华网,jinghua.cn
2055,育儿网,ci123.com
2056,湖北师范学院,hbnu.edu.cn
2057,浙江科技学院,zust.edu.cn
2058,中国建造师网,www.coc.gov.cn
2059,安阳市政府网站,anyang.gov.cn
2060,电话号码查询网,114best.com
2061,一路商机网,1637.com
2062,方正字库官方网站,foundertype.com
2063,中证网,cs.com.cn
2064,中国在职研究生招生信息网,eduego.com
2065,保险网购新一站,xyz.cn
2066,项目网,xiangmu.com
2067,钻石小鸟,zbird.com
2068,坦途教育网,tantuw.com
2069,CG资源网,cgown.com
2070,廖雪峰的官方网站,liaoxuefeng.com
2071,中国 开封公众信息网,kaifeng.gov.cn
2072,快递窝,kuaidiwo.cn
2073,QQ飞车官方网站,speed.qq.com
2074,小木虫,muchong.com
2075,安徽人事考试网,ah.huatu.com
2076,国际珠宝网,wto168.net
2077,没得比,meidebi.com
2078,黑龙江网络广播电视台,hljtv.com
2079,国家职业资格证书查询（全国联网）,zscx.osta.org.cn
2080,百词斩官网,baicizhan.com
2081,中国婚博会官方网站,jiehun.com.cn
2082,1111人力银行,1111.com.tw
2083,上海工程技术大学,sues.edu.cn
2084,软通动力,isoftstone.com
2085,图吧公交网,bus.mapbar.com
2086,海南省考试局,ea.hainan.gov.cn
2087,紫霞网页游戏平台,zixia.com
2088,糖尿病网,tnbz.com
2089,求医网,qiuyi.cn
2090,前景加盟网,qj.com.cn
2091,JZ5U绿色下载站,jz5u.com
2092,戴瑞珠宝官方网站,darryring.com
2093,电视指南网,tvzn.com
2094,浙江在线,www.zjol.com.cn
2095,53快服,53kf.com
2096,中国期货业协会,cfachina.org
2097,车享网,chexiang.com
2098,PICC人保财险官网,epicc.com.cn
2099,游侠补丁_游侠网,patch.ali213.net
2100,暨南大学,www.jnu.edu.cn
2101,骑马与砍杀中文站 ,mountblade.com.cn
2102,武汉理工大学,www.whut.edu.cn
2103,石家庄铁道大学,stdu.edu.cn
2104,中国博士后,chinapostdoctor.org.cn
2105,百达翡丽官网,patek.com
2106,云财经,yuncaijing.com
2107,医生在线 ,51daifu.com
2108,XP之家,xp61.com
2109,QQ安全中心,aq.qq.com
2110,ASOS中国官网,asos.com
2111,万维家电网,ea3w.com
2112,第一字体网,www.diyiziti.com
2113,龙珠直播,longzhu.com
2114,加盟费查询网,jiamengfei.com
2115,深圳大学,www.szu.edu.cn
2116,正保远程教育,cdeledu.com
2117,红帽公司官网,redhat.com
2118,奇酷商城,qiku.com
2119,丹阳翼网,212300.com
2120,常州大学,cczu.edu.cn
2121,美乐家,melaleuca.com.cn
2122,阜阳市人民政府网,www.fy.gov.cn
2123,考呀呀会计网校,kaoyaya.com
2124,摩点网,modian.com
2125,南京市网上房地产,njhouse.com.cn
2126,9377网页游戏,9377.com
2127,湖北医药学院,hbmu.edu.cn
2128,宁波人才网,nbrc.com.cn
2129,PR值查询 ,pagerank.webmasterhome.cn
2130,求图网,qt263.cn
2131,Bootstrap中文网,bootcss.com
2132,中国海洋大学,www.ouc.edu.cn
2133,IHG,ihg.com
2134,湖南工业大学,hut.edu.cn
2135,迅维网,chinafix.com
2136,郑州轻工业学院,zzuli.edu.cn
2137,现代快报网,xdkb.net
2138,江淮汽车官网,jac.com.cn
2139,360常识网,360changshi.com
2140,商业新知,www.shangyexinzhi.com
2141,翼支付,bestpay.com.cn
2142,中评网,crntt.com
2143,寺库奢侈品,secoo.com
2144,中国招商网,zhaoshang.net
2145,veer图库,www.veer.com
2146,中钢网,zgw.com
2147,德勒,deloitte.com
2148,帮考网,bkw.cn
2149,长江有色金属网,www.ccmn.cn
2150,药源网,yaopinnet.com
2151,中国扫黄打非网,shdf.gov.cn
2152,58同城北京分类信息网,bj.58.com
2153,央广网新闻中心,news.cnr.cn
2154,香港中文大学深圳,cuhk.edu.cn
2155,爱问知识人,iask.com
2156,湖北网络广播电视台,hbtv.com.cn
2157,4K中国,www.4k123.com
2158,上海迪士尼乐园,shanghaidisneyresort.com
2159,茂名市政府,maoming.gov.cn
2160,内蒙古新闻网,nmgnews.com.cn
2161,搜狗影视,v.sogou.com
2162,北京邮电大学,www.bupt.edu.cn
2163,拓者设计吧,tuozhe8.com
2164,奇兔刷机官网,7to.cn
2165,上海图书馆,library.sh.cn
2166,红袖添香小说,m.hongxiu.com
2167,乐游网,962.net
2168,中信银行,www.citicbank.com
2169,三泰虎 ,santaihu.com
2170,国务院侨务办公室,www.gqb.gov.cn
2171,猪e网,zhue.com.cn
2172,大连理工大学,www.dlut.edu.cn
2173,加拿大航空,aircanada.com
2174,星岛环球网,stnn.cc
2175,萤石商城官网 ,ys7.com
2176,荆州新闻网,jznews.com.cn
2177,连城读书,lcread.com
2178,华语网,thn21.com
2179,安卓市场,topber.com
2180,91手机娱乐,91.com
2181,摩信网,chmotor.cn
2182,湖北人事考试网,hb.huatu.com
2183,华夏基金,chinaamc.com
2184,电玩999,emu999.net
2185,铁友网,tieyou.com
2186,安心加盟网,www.anxjm.com
2187,台风路径发布系统,typhoon.zjwater.gov.cn
2188,古诗文查询,so.gushiwen.org
2189,恩山电脑配件网,right.com.cn
2190,矿石收音机,crystalradio.cn
2191,捷星航空,www.jetstar.com
2192,蒂芙尼官网,tiffany.com
2193,倚栏轩文学网,elanp.com
2194,NBA中国网站,china.nba.com
2195,天津大学,www.tju.edu.cn
2196,昆明理工大学,www.kmust.edu.cn
2197,成都人才网,rc114.com
2198,江苏银行官方网站,www.jsbchina.cn
2199,华中科技大学同济医学院附属同济医院,tjh.com.cn
2200,龙图游戏,longtugame.com
2201,漳州市人民政府,zhangzhou.gov.cn
2202,池州人网,chizhouren.com
2203,在线JSON校验格式化工具（Be JSON）,bejson.com
2204,美橙互联,cndns.com
2205,39健康问答,ask.39.net
2206,21IC中国电子网,21ic.com
2207,通信人家园,txrjy.com
2208,大白菜官网,winbaicai.com
2209,联合国儿童基金会,unicef.cn
2210,中国美术学院,caa.edu.cn
2211,购房者网站,goufang.com
2212,福建体彩网,fjtc.com.cn
2213,驴妈妈旅游网,lvmama.com
2214,恒生电子,hundsun.com
2215,天极网产品库,product.yesky.com
2216,中国甘肃,www.gansu.gov.cn
2217,西子湖畔,xizi.com
2218,UI中国,ui.cn
2219,绍兴文理学院,usx.edu.cn
2220,老毛桃,laomaotao.net
2221,铁血网,tiexue.net
2222,189邮箱,mail.189.cn
2223,分期乐,fenqile.com
2224,方正证券官网,foundersc.com
2225,腾讯云,qcloud.com
2226,自如网,ziroom.com
2227,爱思想,aisixiang.com
2228,北京联合大学,buu.edu.cn
2229,漫步者（中国）官方网站,edifier.com
2230,湖南第一师范学院,hnfnu.edu.cn
2231,苏州工业园区,sipac.gov.cn
2232,长隆旅游 ,chimelong.com
2233,畅易阁道具坊,cyg.changyou.com
2234,金蝶云之家官网,yunzhijia.com
2235,腕表之家报价库,watch.xbiao.com
2236,牛游戏网,newyx.net
2237,化龙巷,hualongxiang.com
2238,大洋新闻,news.dayoo.com
2239,中国南昌,www.nc.gov.cn
2240,喜蜜滋,ximizi.com
2241,wikiHow,zh.wikihow.com
2242,米尔网,miercn.com
2243,科学网博客,blog.sciencenet.cn
2244,中国电线电缆网,www.xianlan315.com
2245,长荣航空,evaair.com
2246,中华人民共和国教育部政府门户网站,moe.edu.cn
2247,茂名新闻网,mm111.net
2248,透明售房网,tmsf.com
2249,西北民族大学,xbmu.edu.cn
2250,德州仪器官网,ti.com
2251,东华大学,www.dhu.edu.cn
2252,英飞凌,infineon.com
2253,山西农业大学,sxau.edu.cn
2254,学而思网校,xueersi.com
2255,化源网,www.chemsrc.com
2256,广西人事考试网,gxpta.com.cn
2257,全查网,btcha.com
2258,别克官方网站,buick.com.cn
2259,程序员客栈,www.proginn.com
2260,山东网络台,v.iqilu.com
2261,山东建筑大学,sdjzu.edu.cn
2262,云骑士一键重装系统,www.yunqishi.net
2263,影音先锋,xfplay.com
2264,稿定设计,www.gaoding.com
2265,深度操作系统,deepin.org
2266,IT桔子,itjuzi.com
2267,税屋网,shui5.cn
2268,东风Honda,dongfeng-honda.com
2269,石家庄市政府网,sjz.gov.cn
2270,福步外贸论坛,bbs.fobshanghai.com
2271,中国地方论坛大全,99lb.net
2272,上海交大医学院,www.shsmu.edu.cn
2273,临沂大学,lyu.edu.cn
2274,上海海洋大学,shou.edu.cn
2275,贵州茅台集团,china-moutai.com
2276,MyPrice价格网,myprice.com.cn
2277,中国政法大学,www.cupl.edu.cn
2278,上海市高级人民法院网,www.hshfy.sh.cn
2279,装机之家,www.lotpc.com
2280,人人影视,yyets.com
2281,卓创资讯化工,chem99.com
2282,首都航空,jdair.net
2283,咸阳政府网,xianyang.gov.cn
2284,汇率网,huilv.cc
2285,站长之家Whois查询,whois.chinaz.com
2286,电子工程专辑,eet-china.com
2287,卡巴斯基实验室,kaspersky.com.cn
2288,新三板官网,www.neeq.com.cn
2289,新浪教育,edu.sina.com.cn
2290,小鹏汽车,www.xiaopeng.com
2291,奔驰官网,mercedes-benz.com
2292,超级玩家游戏网,sgamer.com
2293,中羽在线社区,bbs.badmintoncn.com
2294,369单机游戏下载基地,youxi369.com
2295,天津理工大学,tjut.edu.cn
2296,中国美业网,mf08s.com
2297,迈克菲,mcafee.com
2298,波士顿大学,bu.edu
2299,好范文网,www.haoword.com
2300,河南中医学院,hactcm.edu.cn
2301,中国美术家协会,caanet.org.cn
2302,湖北经济学院,hbue.edu.cn
2303,学盟网,xuenb.com
2304,爱快,ikuai8.com
2305,平安银行官网,bank.pingan.com
2306,富士中国,fujifilm.com.cn
2307,一汽丰田汽车,ftms.com.cn
2308,风行网,fun.tv
2309,中华商标超市网,gbicom.cn
2310,实习僧,shixiseng.com
2311,迈瑞,mindray.com
2312,桂林理工大学,glut.edu.cn
2313,晋中市政府门户网站,sxjz.gov.cn
2314,新氧,soyoung.com
2315,凯迪拉克中国,cadillac.com.cn
2316,钱江摩托,qjmotor.com
2317,头条号,mp.toutiao.com
2318,盖世汽车网,auto.gasgoo.com
2319,游戏吧,www.gmz88.com
2320,易考吧,etest8.com
2321,国家开放大学,ouchn.edu.cn
2322,Stack Overflow,stackoverflow.com
2323,39男性健康,man.39.net
2324,重庆邮电大学,cqupt.edu.cn
2325,YSL圣罗兰官网,www.ysl.com
2326,遨游网,aoyou.com
2327,东莞阳光网,sun0769.com
2328,宇通客车官网,yutong.com
2329,福建福彩网,fjcp.cn
2330,如新中国官网,china.nuskin.com
2331,泸州老窖,lzlj.com
2332,马可波罗网,b2b.makepolo.com
2333,薄荷网,boohee.com
2334,中望cad,zwcad.com
2335, 腾讯充值中心,pay.qq.com
2336,北京科技大学,www.ustb.edu.cn
2337,四川外国语大学,sisu.edu.cn
2338,上海青浦政府网站,shqp.gov.cn
2339,深圳市律师协会官方网站,szlawyers.com
2340,壹药网,111.com.cn
2341,雨枫轩,rain8.com
2342,生男生女帮,snsnb.com
2343,游侠网下载站,down.ali213.net
2344,直播库,cnmysoft.com
2345,上海电力学院,shiep.edu.cn
2346,美洽,meiqia.com
2347,生物谷,bioon.com
2348,中国昆山,www.ks.gov.cn
2349,中国国家博物馆官方网站,chnmuseum.cn
2350,国家机关事务管理局,ggj.gov.cn
2351,中国医药网,pharmnet.com.cn
2352,中国人民大学,www.ruc.edu.cn
2353,中国  宁夏,www.nx.gov.cn
2354,四川新闻网,newssc.org
2355,江苏福彩,www.jslottery.com
2356,中国西藏网,tibet.cn
2357,中央财经大学,www.cufe.edu.cn
2358,浙江泰隆商业银行,www.zjtlcb.com
2359,张雄艺术网,zxart.cn
2360,acg档案 动画 漫画 动漫 动漫周边,acg.78dm.net
2361,数码之家,mydigit.cn
2362,广西大学,www.gxu.edu.cn
2363,中国传媒大学,www.cuc.edu.cn
2364,上海立信会计学院,lixin.edu.cn
2365,中国板报网,cnbanbao.cn
2366,代练通,dailiantong.com
2367,汉文学网,hwxnet.com
2368,中华人民共和国外交部,www.fmprc.gov.cn
2369,申请方,www.applysquare.com
2370,飞赞,feizan.com
2371,Specialized 自行车,specialized.com
2372,广西医科大学,gxmu.edu.cn
2373,Farfetch官网,farfetch.cn
2374,中国普法网,legalinfo.gov.cn
2375,中国招教网,zhaojiao.net
2376,中国呼和浩特,huhhot.gov.cn
2377,首都医科大学附属北京儿童医院,bch.com.cn
2378,92素材网,92sucai.com
2379,Avast,avast.com
2380,东北师范大学,www.nenu.edu.cn
2381,雪佛兰chevrolet中国官方网站,chevrolet.com.cn
2382,出国在线,chuguo.cn
2383,安徽工程大学,ahpu.edu.cn
2384,北京市工程建设交易信息网,bcactc.com
2385,网上房地产,fangdi.com.cn
2386,西北大学,www.nwu.edu.cn
2387,一尘网,xx007.com
2388,商丘政府网,shangqiu.gov.cn
2389,teamviewer官网,teamviewer.com
2390,中国巴中,cnbz.gov.cn
2391,微众银行,webank.com
2392,珠宝大家坛,giabbs.com
2393,中国废旧物资网,feijiu.net
2394,彩之网,cocololo.com
2395,品牌世家,ppsj.com.cn
2396,大图网,daimg.com
2397,中国食品报网,cnfood.cn
2398,中国计算机学会信息网,ccf.org.cn
2399,大韩航空官方网站,koreanair.com
2400,广视网 ,gztv.com
2401,标志设计在线,www.logomaker.com.cn
2402,U钙网,uugai.com
2403,青云,qingcloud.com
2404,领啦试客网,lingla.com
2405,永州市人民政府门户网站,yzcity.gov.cn
2406,飘荡软件,piaodown.com
2407,Apple ID,appleid.apple.com
2408,阿迪达斯官网,adidas.com
2409,广东公务员考试网,gd.huatu.com
2410,中国科学院邮件系统,mail.cstnet.cn
2411,中国地质大学（武汉）,www.cug.edu.cn
2412,中联重科,zoomlion.com
2413,七喜下载站,7xdown.com
2414,胶东在线,jiaodong.net
2415,新浪汽车,auto.sina.com.cn
2416,光明网新闻中心,news.gmw.cn
2417,字客网,www.fontke.com
2418,合肥工业大学,www.hfut.edu.cn
2419,致远软件官网,seeyon.com
2420,中证指数有限公司,csindex.com.cn
2421,实修驿站,shixiu.net
2422,隆众石化网,oilchem.net
2423,汽配人网,qipeiren.com
2424,高等教育出版社,www.hep.com.cn
2425,蒂芙尼中国官网,tiffany.cn
2426,上海国家会计学院远程教育网,esnai.net
2427,莆田市人民政府门户网站,putian.gov.cn
2428,DNF资料站,dnfziliao.com
2429,食品伙伴网下载中心,down.foodmate.net
2430,中華航空公司,china-airlines.com
2431,名医汇,mingyihui.net
2432,筑龙网,zhulong.com
2433,沈阳航空航天大学,sau.edu.cn
2434,武汉东湖新技术开发区政务网,wehdz.gov.cn
2435,好孕网,haoyunbb.com
2436,江西中医药大学,jxutcm.edu.cn
2437,劲牌有限公司,jingpai.com
2438,美食天下吃货俱乐部,home.meishichina.com
2439,泪雪网,www.leixue.com
2440,中国电力网,chinapower.com.cn
2441,中国平顶山市政府门户网站,www.pds.gov.cn
2442,重庆邮电大学移通学院,cqyti.com
2443,淮阴工学院,hyit.edu.cn
2444,陕西网,ishaanxi.com
2445,中华门窗网,chinamenwang.com
2446,美柚官网,meiyou.com
2447,　中国人力资源和社会保障出版集团有限公司,class.com.cn
2448,MINI中国,minichina.com.cn
2449,扬子晚报网,yangtse.com
2450,黑光网,heiguang.com
2451,爱藏网,airmb.com
2452,中国纸金网,zhijinwang.com
2453,基金买卖网,jjmmw.com
2454,华商新闻,news.hsw.cn
2455,龙岩市政府网,www.longyan.gov.cn
2456,百合会 ,yamibo.com
2457,深圳地铁,szmc.net
2458,华帝官网,vatti.com.cn
2459,鄂尔多斯在线,ordos.gov.cn
2460,阿里云邮箱,mail.aliyun.com
2461,点点网,diandian.com
2462,吉他社,www.jitashe.org
2463,zd423,zdfans.com
2464,查字典范文网,fanwen.chazidian.com
2465,中文互联网数据研究中心,199it.com
2466,NewBalance中国官方网站,newbalance.com.cn
2467,果壳网,guokr.com
2468,凤凰游戏商城,fhyx.com
2469,江西财经大学,www.jxufe.edu.cn
2470,浙江工商大学,zjgsu.edu.cn
2471,宜宾市人民政府,yibin.gov.cn
2472,黑龙江新闻网,hljnews.cn
2473,华夏银行官网,www.hxb.com.cn
2474,网易企业邮箱 ,qiye.163.com
2475,搜狐公益,gongyi.sohu.com
2476,凤凰体育,sports.ifeng.com
2477,哈尔滨天气预报,haerbin.tianqi.com
2478,南开大学,www.nankai.edu.cn
2479,39健康新闻,news.39.net
2480,中国IC网,ic37.com
2481,ChinaUnix博客,blog.chinaunix.net
2482,广州市人力资源和社会保障局,hrssgz.gov.cn
2483,北面官方商城,thenorthface.com.cn
2484,我爱秘籍,52miji.com
2485,长安马自达官网,changan-mazda.com.cn
2486,TNT 快递,tnt.com
2487,马鞍山市人民政府,www.mas.gov.cn
2488,《阴阳师》手游官网,yys.163.com
2489,耳机大家坛,erji.net
2490,重庆理工大学,cqut.edu.cn
2491,扇贝网,shanbay.com
2492,tommy hilfiger中国官方网站,tommy.com.cn
2493,普华永道官网,pwccn.com
2494,全民K歌,kg.qq.com
2495,中华网军事,military.china.com
2496,孔夫子旧书网,book.kongfz.com
2497,阮一峰的个人网站,ruanyifeng.com
2498,海投网,haitou.cc
2499,米胖天气,weather.mipang.com
2500,半岛网,bandao.cn
2501,可锐教育,kaoyan1v1.com
2502,华为产品与技术支持,support.huawei.com
2503,英语家园,enfamily.cn
2504,中国远洋海运,www.coscoshipping.com
2505,巴斯夫大中华区,basf.com
2506,朗格,alange-soehne.com
2507,搜狗拼音输入法,pinyin.sogou.com
2508,天吉网,16788.cn
2509,东莞教育网,dgjy.net
2510,牌子网,www.paizi.com
2511,蓝月亮官方网站,bluemoon.com.cn
2512,Nissan东风日产官方网站,www.dongfeng-nissan.com.cn
2513,DNSPod,dnspod.cn
2514,银联商务,chinaums.com
2515,365直播网,haoqiu365.com
2516,衡阳市政府网,hengyang.gov.cn
2517,中国鞍山市人民政府,www.anshan.gov.cn
2518,上海纽约大学,shanghai.nyu.edu
2519,厦门大学,www.xmu.edu.cn
2520,大连海事大学,www.dlmu.edu.cn
2521,X技术,www.xjishu.com
2522,北京化工大学,www.buct.edu.cn
2523,苏州人才网,szrc.cn
2524,木子安卓系统,muzisoft.com
2525,国际能源网,in-en.com
2526,7230手游网,7230.com
2527,留学360,liuxue360.com
2528,中国合格评定国家认可委员会,cnas.org.cn
2529,驾照网,jiazhao.com
2530,中公山东人事考试信息网,sd.offcn.com
2531,中诗网,yzs.com
2532,中国承德,chengde.gov.cn
2533,ColorOS官方网站,coloros.com
2534,黄山学院,hsu.edu.cn
2535,广东省教育考试院,eeagd.edu.cn
2536,亲亲小说网,77shu.com
2537,浙江图书馆,zjlib.cn
2538,罗湖教育信息网,luohuedu.net
2539,葫芦侠修改器官网,huluxia.com
2540,DigiKey 电子,digikey.cn
2541,国家铁路局,nra.gov.cn
2542,中国银行业协会,www.china-cba.net
2543,PANDORA珠宝首饰官网,pandora.net
2544,华中师范大学,www.ccnu.edu.cn
2545,中国视觉联盟,cnu.cc
2546,广交会,cantonfair.org.cn
2547,站长资源平台,www.2898.com
2548,外勤365官网,waiqin365.com
2549,中华保险,cic.cn
2550,微信公众帐号大全,anyv.net
2551,爱问共享资料,ishare.iask.sina.com.cn
2552,《新天龙八部》官方网站,tl.changyou.com
2553,Alldatasheet,alldatasheet.com
2554,亿图全景图库,www.yeitu.com
2555,湖北工业大学,hbut.edu.cn
2556,66街机游戏下载中心,66game.cn
2557,中华企业录,qy6.com
2558,台海网,taihainet.com
2559,基金速查网,dayfund.cn
2560,360软件宝库,baoku.360.cn
2561,当当图书,book.dangdang.com
2562,第一雅虎网,yahoo001.com
2563,哈雷戴维森中国,harley-davidson.com
2564,易名中国域名交易平台,ename.com
2565,饭否,fanfou.com
2566,腾讯网亚太家居,asia-home.com.cn
2567,真笔字网,zhenbi.com
2568,香港科技大学,www.ust.hk
2569,家电维修论坛,jdwx.info
2570,科达,kedacom.com
2571,孔夫子拍卖网,kongfz.cn
2572,河北省市场主体信用信息公示系统,hebscztxyxx.gov.cn
2573,贵州茅台,www.moutaichina.com
2574,汕头市政府门户网站,shantou.gov.cn
2575,中国嘉兴,jiaxing.gov.cn
2576,威海市政府门户网站,weihai.gov.cn
2577,新沂城市论坛,0516k.com
2578,卓博人才网,www.jobcn.com
2579,南京外国语学校,nfls.com.cn
2580,微软件,weaver.com.cn
2581,乐商店,lenovomm.com
2582,涪陵在线,fuling.com
2583,荣耀西安网,ixian.cn
2584,微微健康网,vivijk.com
2585,北京市丰台区人民政府网站,bjft.gov.cn
2586,魅族溜,mz6.net
2587,全民健康网,qm120.com
2588,顺企网产品供应,product.11467.com
2589,共产党员网服务频道,fuwu.12371.cn
2590,教育部全国高校教师网络培训中心,enetedu.com
2591,半月谈,banyuetan.org
2592,北京工商大学,btbu.edu.cn
2593,中国教育网络电视台,centv.cn
2594,第一调查网,1diaocha.com
2595,东风汽车,dfmc.com.cn
2596,英菲尼迪中国,infiniti.com.cn
2597,阿玛尼官方网络旗舰店,armani.cn
2598,长城网,hebei.com.cn
2599,58到家,daojia.com
2600, 动动吧,dodo8.com
2601,聚名网,www.juming.com
2602,标准分享网,bzfxw.com
2603,触站,www.huashi6.com
2604,飘花电影网,piaohua.com
2605,去哪儿网旅行频道,travel.qunar.com
2606,5253手游网,5253.com
2607,西北人才网,xbrc.com.cn
2608,才储,apesk.com
2609,绍兴市政府门户网站,sx.gov.cn
2610,上海静安门户网站,jingan.gov.cn
2611,乐清上班族,5iyq.com
2612,吉首大学,jsu.edu.cn
2613,交通银行网上银行,95559.com.cn
2614,宝钢集团,baosteel.com
2615,大律师网,maxlaw.cn
2616,苏泊尔,supor.com.cn
2617,松花江网,shjnet.cn
2618,MSN中文网,msn.com
2619,货拉拉,huolala.cn
2620,云南省农村信用社,www.ynrcc.com
2621,悠哉旅游网,uzai.com
2622,努比亚nubia官网,nubia.com
2623,中国美术高考网,51meishu.com
2624,第一枪,d17.cc
2625,21世纪房车网,21rv.com
2626,四川广播电视台,sctv.com
2627,富国基金,fullgoal.com.cn
2628,Welcome to Asia Miles,asiamiles.com
2629,安全管理网,safehoo.com
2630,中国新能源网,www.china-nengyuan.com
2631,果粉查询,guofenchaxun.com
2632,深圳热线,szonline.net
2633,上海本地宝,sh.bendibao.com
2634,深信服 ,sangfor.com.cn
2635,Abcam中国官方网站,abcam.cn
2636,一点资讯,yidianzixun.com
2637,国家信访局,gjxfj.gov.cn
2638,徐汇教育网,xhedu.sh.cn
2639,百济健康商城,baiji.com.cn
2640,万师傅,wanshifu.com
2641,大众脸影视后期特效,lookae.com
2642,四川农业大学,www.sicau.edu.cn
2643,中国供应商,cn.china.cn
2644,升学e网通,ewt360.com
2645,始祖鸟官网,arcteryx.com
2646,华山网,hshan.com
2647,中国音响网,hifidiy.net
2648,销售易,xiaoshouyi.com
2649,西南交通大学远程与继续教育学院,xnjd.cn
2650,编织人生,bianzhirensheng.com
2651,郑州教育信息网,zzedu.net.cn
2652,SEOWHY,seowhy.com
2653,南京邮电大学,www.njupt.edu.cn
2654,福州大学,www.fzu.edu.cn
2655,大连天健网,runsky.com
2656,项目管理网,chinapmp.cn
2657,冰川网络,q1.com
2658,人民网体育,sports.people.com.cn
2659,人民日报数字报,paper.people.com.cn
2660, HBuilder,dcloud.io
2661,遨游浏览器官方网站,maxthon.cn
2662,7M体育网,7m.com.cn
2663,中国农业发展银行,www.adbc.com.cn
2664,东陶中国,toto.com.cn
2665,永辉超市官方网站,yonghui.com.cn
2666,北京大兴信息网,bjdx.gov.cn
2667,河南省教育网,haedu.cn
2668,兰州新闻网,lzbs.com.cn
2669,麻辣社区,mala.cn
2670,兰州大学,www.lzu.edu.cn
2671,上香港网,3hk.cn
2672,百问中文,www.baiven.com
2673,新疆大学,www.xju.edu.cn
2674,游戏堡,yxbao.com
2675,浙江师范大学,www.zjnu.edu.cn
2676,西南政法大学,www.swupl.edu.cn
2677,钱币天堂,coinsky.com
2678,神州电脑,hasee.com
2679,海淘网,haitao.com
2680,在线网速测试 ,wangsu123.cn
2681,房贷计算器,fangdaijisuanqi.com
2682,PlayGM,playgm.cn
2683,国家科技图书文献中心,nstl.gov.cn
2684,法邦网,fabao365.com
2685,南京信息职业技术学院,njcit.cn
2686,中国粉体网 ,cnpowder.com.cn
2687,奇象世界,52qixiang.com
2688,温州大学,wzu.edu.cn
2689,中国侨网,www.chinaqw.com
2690,聚巧网,diyju.com
2691,途虎养车网,tuhu.cn
2692,PingWest,pingwest.com
2693,大参考,dacankao.com
2694,北京东方雨虹防水技术股份有限公司,yuhong.com.cn
2695,石墨文档,shimo.im
2696,中科曙光Sugon,sugon.com
2697,爱给网,www.aigei.com
2698,西安电子科技大学,www.xidian.edu.cn
2699,抽屉新热榜,dig.chouti.com
2700,哈尔滨工程大学,www.hrbeu.edu.cn
2701,GeForce,geforce.cn
2702,SKF官网,skf.com
2703,靠谱助手官网,kpzs.com
2704,中欧国际商学院,ceibs.edu
2705,中国三亚门户网站,sanya.gov.cn
2706,闲鱼,2.taobao.com
2707,索尼,www.playstation.com
2708,上海天气预报,sh.weather.com.cn
2709,扫描全能网,www.camscanner.com
2710,锦程物流网,jctrans.com
2711,VeryCD,verycd.com
2712,漫画台,manhuatai.com
2713,新都网,newdu.com
2714,中药材天地网,zyctd.com
2715,京东帮助中心,help.jd.com
2716,安徽科技学院,ahstu.edu.cn
2717,邯郸市人民政府,www.hd.gov.cn
2718,河南财经政法大学,huel.edu.cn
2719,中国搜索,chinaso.com
2720,WiFi万能钥匙,wifi.com
2721,时代光华,21tb.com
2722,Mango商城,shop.mango.com
2723,深圳教师招聘网,shenzhenjiaoshi.com
2724,湖南师范大学,www.hunnu.edu.cn
2725,KF5帮助台,kf5.com
2726,四季酒店,fourseasons.com
2727,云汉芯城,www.ickey.cn
2728,中国仪表网,ybzhan.cn
2729,2345影视,tv.2345.com
2730,善融商务个人商城,buy.ccb.com
2731,电子课本网,www.dzkbw.com
2732,国家开发银行,www.cdb.com.cn
2733,尚德机构,sunlands.com
2734,阿斯顿马丁 官方网站,astonmartin.com
2735,车300,www.che300.com
2736,北京石景山,bjsjs.gov.cn
2737,铭宣海淘,www.mxhaitao.com
2738,返利网,fanli.com
2739,即墨信息港,qdjimo.com
2740,张家界市党政门户网站,www.zjj.gov.cn
2741,百合网,www.baihe.com
2742,南京理工大学,www.njust.edu.cn
2743,药智数据,db.yaozh.com
2744,Miu Miu,miumiu.com
2745,必联网,ebnew.com
2746,99医院大全,yyk.99.com.cn
2747,客如云,keruyun.com
2748,宿州市人民政府,ahsz.gov.cn
2749,全国车辆违章查询网,weizhang8.cn
2750,天猫国际,www.tmall.hk
2751,返还网,fanhuan.com
2752,春秋旅游网,springtour.com
2753,天山网,ts.cn
2754,中国杭州西湖区门户网站,hzxh.gov.cn
2755,QQ企业邮箱,exmail.qq.com
2756,河南人事考试网,ha.huatu.com
2757,爱马仕,hermes.com
2758,交通银行信用卡,creditcard.bankcomm.com
2759,励志一生,lz13.cn
2760,经济网,ceweekly.cn
2761,西南财经大学,www.swufe.edu.cn
2762,融创中国,sunac.com.cn
2763,太平洋亲子网亲子百科,baike.pcbaby.com.cn
2764,Agilent Tecgnologies,agilent.com
2765,优个网,yoger.com.cn
2766,青岛农业大学,qau.edu.cn
2767,中国电子顶级开发网,eetop.cn
2768,通达信软件,tdx.com.cn
2769,华中农业大学,www.hzau.edu.cn
2770,北晚新视觉网,takefoto.cn
2771,投融界,trjcn.com
2772,跨国采购网,globalimporter.net
2773,上海黄金交易所,sge.com.cn
2774,TXT小说下载网站,txtbook.com.cn
2775,厦门网新闻中心,news.xmnn.cn
2776,站酷海洛创意,www.hellorf.com
2777,恩智浦半导体,nxp.com
2778,论语网,lunyu.5000yan.com
2779,梦三国官方网站,m3guo.com
2780,海南师范大学,hainnu.edu.cn
2781,广州地铁官方网站,gzmtr.com
2782,怀化市人民政府门户网站,huaihua.gov.cn
2783,中粮集团有限公司,cofco.com
2784,捷豹汽车中国官方网站,jaguar.com.cn
2785,要玩网页游戏平台,yaowan.com
2786,中国质量认证中心,cqc.com.cn
2787,澳康达名车广场,akd.cn
2788,三九养生堂,39yst.com
2789,央视网娱乐频道,ent.cctv.com
2790,长江网,www.cjn.cn
2791,爱爱医,iiyi.com
2792,广州中医药大学,gzucm.edu.cn
2793,中国金融期货交易所,cffex.com.cn
2794,中国人民解放军总医院,301hospital.com.cn
2795,Minecraft中文分享站,secretmine.net
2796,望京网,wangjing.cn
2797,拼多多,www.pinduoduo.com
2798,中国日报网,cn.chinadaily.com.cn
2799,首都师范大学,www.cnu.edu.cn
2800,3M 中国,3m.com.cn
2801,酒仙网,jiuxian.com
2802,中国国家认证认可监督管理委员会,cnca.gov.cn
2803,中国青年网新闻频道,news.youth.cn
2804,思琳官网,celine.com
2805,中青在线新闻 频道,news.cyol.com
2806,Drug Future药物在线 ,drugfuture.com
2807,妖道角,yaodaojiao.com
2808,正泰电器,chint.net
2809,上海期货交易所,shfe.com.cn
2810,网通社,news18a.com
2811,yeah.net网易免费邮,www.yeah.net
2812,台州学院,tzc.edu.cn
2813,松江教育信息网,sjedu.cn
2814,平湖在线,ph66.com
2815,新疆招生网,xjzk.gov.cn
2816,广东外语外贸大学,www.gdufs.edu.cn
2817,常州信息职业技术学院,ccit.js.cn
2818,北森,beisen.com
2819,中国电子科技集团公司,www.cetc.com.cn
2820,淮阴师范学院,hytc.edu.cn
2821,贵州医科大学,gmc.edu.cn
2822,商务联盟,biz72.com
2823,北斗网,beidou.gov.cn
2824,欧米茄中国官方网站,omegawatches.cn
2825,幼儿园教案,chinajiaoan.cn
2826,美拍,meipai.com
2827,南阳网,01ny.cn
2828,vivo智能手机V粉社区,bbs.vivo.com.cn
2829,英国航空,britishairways.com
2830,对外经济贸易大学,www.uibe.edu.cn
2831,中华英才网,chinahr.com
2832,广州公共资源交易网,gzggzy.cn
2833,南京鼓楼区门户网站,njgl.gov.cn
2834,中国经营网,cb.com.cn
2835,中文期刊网,baywatch.cn
2836,安徽大学,www.ahu.edu.cn
2837,南阳理工学院,nyist.edu.cn
2838,自行车网,biketo.com
2839,北京数字学校,bdschool.cn
2840,九江职业技术学院,jvtc.jx.cn
2841,中国东方电气集团有限公司,www.dongfang.com
2842,酷易搜,kuyiso.com
2843,IT学习网,t086.com
2844,123CHA,123cha.com
2845,江苏大学,www.ujs.edu.cn
2846,利物浦FC,liverpoolfc.com
2847,赣州人才网,0797rs.com
2848,第一电动网,d1ev.com
2849,久友下载站,9upk.com
2850,网易公开课,open.163.com
2851,500彩票网足球赛事数据中心,liansai.500.com
2852,Hpoi手办维基,www.hpoi.net
2853,哈尔滨工业大学（威海）,www.hitwh.edu.cn
2854,一加手机社区官方论坛,oneplusbbs.com
2855,黄蜂网 ,woofeng.cn
2856,又拍云存储,upyun.com
2857,广东建设信息网(行业服务版),gdcic.net
2858,个税精灵,taxspirit.com
2859,中央政府采购网,zycg.gov.cn
2860,彩吧论坛,bbs.55125.cn
2861,哈尔滨师范大学,hrbnu.edu.cn
2862,亿品元素,epinv.com
2863,华南农业大学,www.scau.edu.cn
2864,火狐中文网,firefoxchina.cn
2865,傲世堂论坛,bbs.aoshitang.com
2866,辽宁省教育网,lnen.cn
2867,宣讲家网,71.cn
2868,通联数据,datayes.com
2869,童装加盟网,kidsnet.cn
2870,大连工业大学,dlpu.edu.cn
2871,华北电力大学,www.ncepu.edu.cn
2872,中国地质大学（北京）,www.cugb.edu.cn
2873,火影忍者中文网,narutom.com
2874,杭州电子科技大学,www.hdu.edu.cn
2875,南太湖网,nantaihu.com
2876,东北大学秦皇岛分校,neuq.edu.cn
2877,16163,16163.com
2878,中国好酒招商网,9998.tv
2879,坚果云,jianguoyun.com
2880,人民网党建频道,dangjian.people.com.cn
2881,山东高速集团有限公司,sdhsg.com
2882,看书吧,kanshu8.net
2883,西交利物浦大学,www.xjtlu.edu.cn
2884,安卓网,hiapk.com
2885,兖矿集团,ykjt.cn
2886,系统部落,www.xitongbuluo.com
2887,英雄互娱,yingxiong.com
2888,百家胎教家园,taijiaobb.cn
2889,昆山教育,ksedu.cn
2890,湖北第二师范学院 ,hue.edu.cn
2891,开心夏令营,xialingying.cc
2892,互站网,www.huzhan.com
2893,深圳职业技术学院,www.szpt.edu.cn
2894,顶尖文案,topys.cn
2895,中文圣经在线 ,chinesebibleonline.com
2896,唯美图,wmtp.net
2897,腾讯手机管家官方网站,m.qq.com
2898,Coding,coding.net
2899,国家开发银行助学贷款信息网,sls.cdb.com.cn
2900,数码之家论坛,bbs.mydigit.cn
2901,中国网财经,finance.china.com.cn
2902,中国民生银行信用卡中心,creditcard.cmbc.com.cn
2903,CMGE中国手游,cmge.com
2904,安阳新闻,aynews.net.cn
2905,中国国家地理网,www.dili360.com
2906,中华龙都网,zhld.com
2907,中国咖啡网,coffee.cn
2908,OPPO软件商店,store.oppomobile.com
2909,养生之道网,ys137.com
2910,台州招聘网,tzzp.com
2911,Foxmail,foxmail.com
2912,CDC游戏集团,cdcgames.net
2913,西安工程大学,xpu.edu.cn
2914,山东大学齐鲁医院,qiluhospital.com
2915,投影网,www.touying.com
2916,郴州新网,0735.com
2917,毕节市人民政府门户网站,bijie.gov.cn
2918,中国86货车网,86huoche.com
2919,宜宾新闻网,ybxww.com
2920,颇特女士,net-a-porter.com
2921,内蒙古大学,www.imu.edu.cn
2922,企查猫,www.qichamao.com
2923,生物在线,bioon.com.cn
2924,美年大健康官网,health-100.cn
2925,河北科技大学,hebust.edu.cn
2926,新疆生产建设兵团,xjbt.gov.cn
2927,下载银行,downbank.cn
2928,FACE妆点网,zdface.com
2929,淘知网,taozhi.cn
2930,滴滴出行,didichuxing.com
2931,造价通,zjtcn.com
2932,潍坊学院,wfu.edu.cn
2933,乌鲁木齐之窗,urumqi.gov.cn
2934,北京地铁,bjsubway.com
2935,Microsoft OneNote |,onenote.com
2936,NOI网站,noi.cn
2937,新沂城市论坛,bbs.0516k.com
2938,ZEALER,zealer.com
2939,南报网,njdaily.cn
2940,教师招聘网,jiaoshi.com.cn
2941,时代互联,now.cn
2942,西安外国语大学,www.xisu.edu.cn
2943,中国湛江政府门户网站,www.zhanjiang.gov.cn
2944,PP助手,25pp.com
2945, 网站池,wangzhanchi.com
2946,安徽人事资料网,ahsrst.cn
2947,虎扑新声,voice.hupu.com
2948,南京信息工程大学,www.nuist.edu.cn
2949,虫部落,chongbuluo.com
2950,RCC 瑞达恒,rccchina.com
2951,淘宝联盟,pub.alimama.com
2952,东莞理工学院,dgut.edu.cn
2953,甘肃新闻频道,gansu.gscn.com.cn
2954,澳门日报,www.macaodaily.com
2955,六一儿童网,61ertong.com
2956,网上管家婆官网,wsgjp.com.cn
2957,电力英才网 ,epjob88.com
2958,星巴克中国,starbucks.com.cn
2959,浙江稠州商业银行,czcb.com.cn
2960,烟台论坛,ytbbs.com
2961,核弹头游戏网,www.h5uc.com
2962,选车网,www.chooseauto.com.cn
2963,百战军事网,baizhan.net
2964,114电话查询名录,114.mingluji.com
2965,安徽中医药大学,ahtcm.edu.cn
2966,一起作业网,17zuoye.com
2967,戴森官方网站,dyson.cn
2968,弹琴吧官网,tan8.com
2969,太平洋电脑网软件资讯频道,pcedu.pconline.com.cn
2970,国家公务员考试网,gjgwy.org
2971,问道官方网站,wd.gyyx.cn
2972,广东志愿者,gdzyz.cn
2973,洛阳理工学院,lit.edu.cn
2974,中国教育出版网,zzstep.com
2975,天津市人才服务中心,tjtalents.com.cn
2976,支付宝服务大厅,help.alipay.com
2977,北京大学医学部,www.bjmu.edu.cn
2978,南阳师范学院,nynu.edu.cn
2979,挖财,wacai.com
2980,游聚网,gotvg.com
2981,贵州163网,gzdysx.com
2982,ieFans,iefans.net
2983,国泰君安证券,gtja.com
2984,安徽干部教育在线,ahgbjy.gov.cn
2985,鲜花网,hua.com
2986,中国化工网化工助手,cheman.chemnet.com
2987,雅昌艺术品拍卖网,auction.artron.net
2988,上证所赢富网,sseinfo.com
2989,E小说,xstxt.com
2990, 求艺网 ,qeo.cn
2991,笔趣阁,biquge.info
2992,中国服装网,efu.com.cn
2993,柳州广播电视网,lzgd.com.cn
2994,设计达人 ,shejidaren.com
2995,湖南人事考试网,hunanpea.com
2996,中国农业信息网,agri.cn
2997,中国台州,zjtz.gov.cn
2998,七麦数据,www.qimai.cn
2999,中山大学孙逸仙纪念医院,syshospital.com
3000,安徽新闻网,ah.anhuinews.com
